PMID	fullName	firstName	lastName	initials	AFF	Best_name	ROR_ID	Country	City	Predict
31862794	Sharpe J	James	Sharpe	J	EMBL Barcelona, Carrer Dr. Aiguader 88, Barcelona 08003, Spain james.sharpe@embl.es.	European Molecular Biology Laboratory	https://ror.org/010jaxs89	Spain	Barcelona	[{'name': 'European Molecular Biology Laboratory', 'id': 'https://ror.org/010jaxs89', 'choose': True, 'score': 1.0, 'method': "Acronyms : 'EMBL'", 'city': 'Barcelona', 'country': 'Spain', 'string': 'EMBL Barcelona, Carrer Dr. Aiguader 88, Barcelona 08003, Spain james.sharpe@embl.es.'}]
31663334	Ruiz E	Estelle	Ruiz	E	INRA , UMR 1332 de Biologie du Fruit et Pathologie , F-33140 Villenave d'Ornon , France.	Biologie du Fruit et Pathologie	https://ror.org/00ccpdp17	France	Villenave-d'Ornon	[{'name': 'Bioscar', 'id': 'https://ror.org/01qdqrj31', 'choose': False, 'score': 0.0, 'method': '', 'city': 'Paris', 'country': 'France', 'string': "INRA , UMR 1332 de Biologie du Fruit et Pathologie , F-33140 Villenave d'Ornon , France.", 'ROR_API': True, 'ROR_API_score': 0.62, 'avg': 0.31}, {'name': 'Banque de France', 'id': 'https://ror.org/0088v6m32', 'choose': False, 'score': 0.0, 'method': '', 'city': 'Paris', 'country': 'France', 'string': "INRA , UMR 1332 de Biologie du Fruit et Pathologie , F-33140 Villenave d'Ornon , France.", 'ROR_API': True, 'ROR_API_score': 0.64, 'avg': 0.32}, {'name': 'L’Institut de Biologie et Technologies', 'id': 'https://ror.org/052wcqj17', 'choose': False, 'score': 0.0, 'method': '', 'city': 'Gif-sur-Yvette', 'country': 'France', 'string': "INRA , UMR 1332 de Biologie du Fruit et Pathologie , F-33140 Villenave d'Ornon , France.", 'ROR_API': True, 'ROR_API_score': 0.64, 'avg': 0.32}, {'name': 'Laboratory of Biophotonics and Pharmacology', 'id': 'https://ror.org/0032sc770', 'choose': False, 'score': 0.0, 'method': '', 'city': 'Illkirch-Graffenstaden', 'country': 'France', 'string': "INRA , UMR 1332 de Biologie du Fruit et Pathologie , F-33140 Villenave d'Ornon , France.", 'ROR_API': True, 'ROR_API_score': 0.63, 'avg': 0.32}, {'name': 'Virology and Human Pathology', 'id': 'https://ror.org/031xg0236', 'choose': False, 'score': 0.0, 'method': '', 'city': 'Lyon', 'country': 'France', 'string': "INRA , UMR 1332 de Biologie du Fruit et Pathologie , F-33140 Villenave d'Ornon , France.", 'ROR_API': True, 'ROR_API_score': 0.67, 'avg': 0.34}, {'name': 'Biologie du Fruit et Pathologie', 'id': 'https://ror.org/00ccpdp17', 'choose': False, 'score': 0.0, 'method': '', 'city': "Villenave-d'Ornon", 'country': 'France', 'string': "INRA , UMR 1332 de Biologie du Fruit et Pathologie , F-33140 Villenave d'Ornon , France.", 'ROR_API': True, 'ROR_API_score': 1.0, 'avg': 0.5}]
31663334	Talenton V	Vincent	Talenton	V	INRA , UMR 1332 de Biologie du Fruit et Pathologie , F-33140 Villenave d'Ornon , France.	Biologie du Fruit et Pathologie	https://ror.org/00ccpdp17	France	Villenave-d'Ornon	[{'name': 'Bioscar', 'id': 'https://ror.org/01qdqrj31', 'choose': False, 'score': 0.0, 'method': '', 'city': 'Paris', 'country': 'France', 'string': "INRA , UMR 1332 de Biologie du Fruit et Pathologie , F-33140 Villenave d'Ornon , France.", 'ROR_API': True, 'ROR_API_score': 0.62, 'avg': 0.31}, {'name': 'Banque de France', 'id': 'https://ror.org/0088v6m32', 'choose': False, 'score': 0.0, 'method': '', 'city': 'Paris', 'country': 'France', 'string': "INRA , UMR 1332 de Biologie du Fruit et Pathologie , F-33140 Villenave d'Ornon , France.", 'ROR_API': True, 'ROR_API_score': 0.64, 'avg': 0.32}, {'name': 'L’Institut de Biologie et Technologies', 'id': 'https://ror.org/052wcqj17', 'choose': False, 'score': 0.0, 'method': '', 'city': 'Gif-sur-Yvette', 'country': 'France', 'string': "INRA , UMR 1332 de Biologie du Fruit et Pathologie , F-33140 Villenave d'Ornon , France.", 'ROR_API': True, 'ROR_API_score': 0.64, 'avg': 0.32}, {'name': 'Laboratory of Biophotonics and Pharmacology', 'id': 'https://ror.org/0032sc770', 'choose': False, 'score': 0.0, 'method': '', 'city': 'Illkirch-Graffenstaden', 'country': 'France', 'string': "INRA , UMR 1332 de Biologie du Fruit et Pathologie , F-33140 Villenave d'Ornon , France.", 'ROR_API': True, 'ROR_API_score': 0.63, 'avg': 0.32}, {'name': 'Virology and Human Pathology', 'id': 'https://ror.org/031xg0236', 'choose': False, 'score': 0.0, 'method': '', 'city': 'Lyon', 'country': 'France', 'string': "INRA , UMR 1332 de Biologie du Fruit et Pathologie , F-33140 Villenave d'Ornon , France.", 'ROR_API': True, 'ROR_API_score': 0.67, 'avg': 0.34}, {'name': 'Biologie du Fruit et Pathologie', 'id': 'https://ror.org/00ccpdp17', 'choose': False, 'score': 0.0, 'method': '', 'city': "Villenave-d'Ornon", 'country': 'France', 'string': "INRA , UMR 1332 de Biologie du Fruit et Pathologie , F-33140 Villenave d'Ornon , France.", 'ROR_API': True, 'ROR_API_score': 1.0, 'avg': 0.5}]
31663334	Dubrana MP	Marie-Pierre	Dubrana	MP	INRA , UMR 1332 de Biologie du Fruit et Pathologie , F-33140 Villenave d'Ornon , France.	Biologie du Fruit et Pathologie	https://ror.org/00ccpdp17	France	Villenave-d'Ornon	[{'name': 'Bioscar', 'id': 'https://ror.org/01qdqrj31', 'choose': False, 'score': 0.0, 'method': '', 'city': 'Paris', 'country': 'France', 'string': "INRA , UMR 1332 de Biologie du Fruit et Pathologie , F-33140 Villenave d'Ornon , France.", 'ROR_API': True, 'ROR_API_score': 0.62, 'avg': 0.31}, {'name': 'Banque de France', 'id': 'https://ror.org/0088v6m32', 'choose': False, 'score': 0.0, 'method': '', 'city': 'Paris', 'country': 'France', 'string': "INRA , UMR 1332 de Biologie du Fruit et Pathologie , F-33140 Villenave d'Ornon , France.", 'ROR_API': True, 'ROR_API_score': 0.64, 'avg': 0.32}, {'name': 'L’Institut de Biologie et Technologies', 'id': 'https://ror.org/052wcqj17', 'choose': False, 'score': 0.0, 'method': '', 'city': 'Gif-sur-Yvette', 'country': 'France', 'string': "INRA , UMR 1332 de Biologie du Fruit et Pathologie , F-33140 Villenave d'Ornon , France.", 'ROR_API': True, 'ROR_API_score': 0.64, 'avg': 0.32}, {'name': 'Laboratory of Biophotonics and Pharmacology', 'id': 'https://ror.org/0032sc770', 'choose': False, 'score': 0.0, 'method': '', 'city': 'Illkirch-Graffenstaden', 'country': 'France', 'string': "INRA , UMR 1332 de Biologie du Fruit et Pathologie , F-33140 Villenave d'Ornon , France.", 'ROR_API': True, 'ROR_API_score': 0.63, 'avg': 0.32}, {'name': 'Virology and Human Pathology', 'id': 'https://ror.org/031xg0236', 'choose': False, 'score': 0.0, 'method': '', 'city': 'Lyon', 'country': 'France', 'string': "INRA , UMR 1332 de Biologie du Fruit et Pathologie , F-33140 Villenave d'Ornon , France.", 'ROR_API': True, 'ROR_API_score': 0.67, 'avg': 0.34}, {'name': 'Biologie du Fruit et Pathologie', 'id': 'https://ror.org/00ccpdp17', 'choose': False, 'score': 0.0, 'method': '', 'city': "Villenave-d'Ornon", 'country': 'France', 'string': "INRA , UMR 1332 de Biologie du Fruit et Pathologie , F-33140 Villenave d'Ornon , France.", 'ROR_API': True, 'ROR_API_score': 1.0, 'avg': 0.5}]
31663334	Guesdon G	Gabrielle	Guesdon	G	INRA , UMR 1332 de Biologie du Fruit et Pathologie , F-33140 Villenave d'Ornon , France.	Biologie du Fruit et Pathologie	https://ror.org/00ccpdp17	France	Villenave-d'Ornon	[{'name': 'Bioscar', 'id': 'https://ror.org/01qdqrj31', 'choose': False, 'score': 0.0, 'method': '', 'city': 'Paris', 'country': 'France', 'string': "INRA , UMR 1332 de Biologie du Fruit et Pathologie , F-33140 Villenave d'Ornon , France.", 'ROR_API': True, 'ROR_API_score': 0.62, 'avg': 0.31}, {'name': 'Banque de France', 'id': 'https://ror.org/0088v6m32', 'choose': False, 'score': 0.0, 'method': '', 'city': 'Paris', 'country': 'France', 'string': "INRA , UMR 1332 de Biologie du Fruit et Pathologie , F-33140 Villenave d'Ornon , France.", 'ROR_API': True, 'ROR_API_score': 0.64, 'avg': 0.32}, {'name': 'L’Institut de Biologie et Technologies', 'id': 'https://ror.org/052wcqj17', 'choose': False, 'score': 0.0, 'method': '', 'city': 'Gif-sur-Yvette', 'country': 'France', 'string': "INRA , UMR 1332 de Biologie du Fruit et Pathologie , F-33140 Villenave d'Ornon , France.", 'ROR_API': True, 'ROR_API_score': 0.64, 'avg': 0.32}, {'name': 'Laboratory of Biophotonics and Pharmacology', 'id': 'https://ror.org/0032sc770', 'choose': False, 'score': 0.0, 'method': '', 'city': 'Illkirch-Graffenstaden', 'country': 'France', 'string': "INRA , UMR 1332 de Biologie du Fruit et Pathologie , F-33140 Villenave d'Ornon , France.", 'ROR_API': True, 'ROR_API_score': 0.63, 'avg': 0.32}, {'name': 'Virology and Human Pathology', 'id': 'https://ror.org/031xg0236', 'choose': False, 'score': 0.0, 'method': '', 'city': 'Lyon', 'country': 'France', 'string': "INRA , UMR 1332 de Biologie du Fruit et Pathologie , F-33140 Villenave d'Ornon , France.", 'ROR_API': True, 'ROR_API_score': 0.67, 'avg': 0.34}, {'name': 'Biologie du Fruit et Pathologie', 'id': 'https://ror.org/00ccpdp17', 'choose': False, 'score': 0.0, 'method': '', 'city': "Villenave-d'Ornon", 'country': 'France', 'string': "INRA , UMR 1332 de Biologie du Fruit et Pathologie , F-33140 Villenave d'Ornon , France.", 'ROR_API': True, 'ROR_API_score': 1.0, 'avg': 0.5}]
31663334	Lluch-Senar M	Maria	Lluch-Senar	M	EMBL/CRG Systems Biology Research Unit, Centre for Genomic Regulation (CRG) , The Barcelona Institute of Science and Technology , Dr Aiguader 88 , Barcelona 08003 , Spain.	Centre for Genomic Regulation	https://ror.org/03wyzt892	Spain	Barcelona	[{'name': 'European Molecular Biology Laboratory', 'id': 'https://ror.org/010jaxs89', 'choose': True, 'score': 1.0, 'method': "Acronyms : 'EMBL'", 'city': 'Barcelona', 'country': 'Spain', 'string': 'EMBL/CRG Systems Biology Research Unit, Centre for Genomic Regulation (CRG) , The Barcelona Institute of Science and Technology , Dr Aiguader 88 , Barcelona 08003 , Spain.'}, {'name': 'Centre for Genomic Regulation', 'id': 'https://ror.org/03wyzt892', 'choose': True, 'score': 1.0, 'method': "Exact match : 'Centre for Genomic Regulation' Barcelona Spain", 'city': 'Barcelona', 'country': 'Spain', 'string': 'EMBL/CRG Systems Biology Research Unit, Centre for Genomic Regulation (CRG) , The Barcelona Institute of Science and Technology , Dr Aiguader 88 , Barcelona 08003 , Spain.'}]
31663334	Salin F	Franck	Salin	F	BIOGECO, INRA , Univ. Bordeaux , 33610 Cestas , France.	University of Bordeaux	https://ror.org/057qpr032	France	Bordeaux	[{'name': "Institut d'études politiques de Bordeaux", 'id': 'https://ror.org/01b5nw197', 'choose': False, 'score': 0.0, 'method': '', 'city': 'Bordeaux', 'country': 'France', 'string': 'BIOGECO, INRA , Univ. Bordeaux , 33610 Cestas , France.', 'ROR_API': True, 'ROR_API_score': 0.62, 'avg': 0.31}, {'name': 'Institut Polytechnique de Bordeaux', 'id': 'https://ror.org/054qv7y42', 'choose': False, 'score': 0.0, 'method': '', 'city': 'Bordeaux', 'country': 'France', 'string': 'BIOGECO, INRA , Univ. Bordeaux , 33610 Cestas , France.', 'ROR_API': True, 'ROR_API_score': 0.65, 'avg': 0.33}, {'name': "École Nationale Supérieure d'Architecture et de Paysage de Bordeaux", 'id': 'https://ror.org/05576mm83', 'choose': False, 'score': 0.0, 'method': '', 'city': 'Talence', 'country': 'France', 'string': 'BIOGECO, INRA , Univ. Bordeaux , 33610 Cestas , France.', 'ROR_API': True, 'ROR_API_score': 0.67, 'avg': 0.34}, {'name': 'Michel de Montaigne University Bordeaux 3', 'id': 'https://ror.org/03pbgwk21', 'choose': False, 'score': 0.0, 'method': '', 'city': 'Bordeaux', 'country': 'France', 'string': 'BIOGECO, INRA , Univ. Bordeaux , 33610 Cestas , France.', 'ROR_API': True, 'ROR_API_score': 0.83, 'avg': 0.41}, {'name': 'Centre Hospitalier Universitaire de Bordeaux', 'id': 'https://ror.org/01hq89f96', 'choose': False, 'score': 0.17, 'method': 'Prediction', 'city': 'Bordeaux', 'country': 'France', 'string': 'BIOGECO, INRA , Univ. Bordeaux , 33610 Cestas , France.', 'ROR_API': True, 'ROR_API_score': 0.65, 'avg': 0.41}, {'name': 'University of Bordeaux', 'id': 'https://ror.org/057qpr032', 'choose': False, 'score': 0.28, 'method': 'Prediction', 'city': 'Bordeaux', 'country': 'France', 'string': 'BIOGECO, INRA , Univ. Bordeaux , 33610 Cestas , France.', 'ROR_API': True, 'ROR_API_score': 0.93, 'avg': 0.6}]
31663334	Sirand-Pugnet P	Pascal	Sirand-Pugnet	P	INRA , UMR 1332 de Biologie du Fruit et Pathologie , F-33140 Villenave d'Ornon , France.	Biologie du Fruit et Pathologie	https://ror.org/00ccpdp17	France	Villenave-d'Ornon	[{'name': 'Bioscar', 'id': 'https://ror.org/01qdqrj31', 'choose': False, 'score': 0.0, 'method': '', 'city': 'Paris', 'country': 'France', 'string': "INRA , UMR 1332 de Biologie du Fruit et Pathologie , F-33140 Villenave d'Ornon , France.", 'ROR_API': True, 'ROR_API_score': 0.62, 'avg': 0.31}, {'name': 'Banque de France', 'id': 'https://ror.org/0088v6m32', 'choose': False, 'score': 0.0, 'method': '', 'city': 'Paris', 'country': 'France', 'string': "INRA , UMR 1332 de Biologie du Fruit et Pathologie , F-33140 Villenave d'Ornon , France.", 'ROR_API': True, 'ROR_API_score': 0.64, 'avg': 0.32}, {'name': 'L’Institut de Biologie et Technologies', 'id': 'https://ror.org/052wcqj17', 'choose': False, 'score': 0.0, 'method': '', 'city': 'Gif-sur-Yvette', 'country': 'France', 'string': "INRA , UMR 1332 de Biologie du Fruit et Pathologie , F-33140 Villenave d'Ornon , France.", 'ROR_API': True, 'ROR_API_score': 0.64, 'avg': 0.32}, {'name': 'Laboratory of Biophotonics and Pharmacology', 'id': 'https://ror.org/0032sc770', 'choose': False, 'score': 0.0, 'method': '', 'city': 'Illkirch-Graffenstaden', 'country': 'France', 'string': "INRA , UMR 1332 de Biologie du Fruit et Pathologie , F-33140 Villenave d'Ornon , France.", 'ROR_API': True, 'ROR_API_score': 0.63, 'avg': 0.32}, {'name': 'Virology and Human Pathology', 'id': 'https://ror.org/031xg0236', 'choose': False, 'score': 0.0, 'method': '', 'city': 'Lyon', 'country': 'France', 'string': "INRA , UMR 1332 de Biologie du Fruit et Pathologie , F-33140 Villenave d'Ornon , France.", 'ROR_API': True, 'ROR_API_score': 0.67, 'avg': 0.34}, {'name': 'Biologie du Fruit et Pathologie', 'id': 'https://ror.org/00ccpdp17', 'choose': False, 'score': 0.0, 'method': '', 'city': "Villenave-d'Ornon", 'country': 'France', 'string': "INRA , UMR 1332 de Biologie du Fruit et Pathologie , F-33140 Villenave d'Ornon , France.", 'ROR_API': True, 'ROR_API_score': 1.0, 'avg': 0.5}]
31663334	Arfi Y	Yonathan	Arfi	Y	INRA , UMR 1332 de Biologie du Fruit et Pathologie , F-33140 Villenave d'Ornon , France.	Biologie du Fruit et Pathologie	https://ror.org/00ccpdp17	France	Villenave-d'Ornon	[{'name': 'Bioscar', 'id': 'https://ror.org/01qdqrj31', 'choose': False, 'score': 0.0, 'method': '', 'city': 'Paris', 'country': 'France', 'string': "INRA , UMR 1332 de Biologie du Fruit et Pathologie , F-33140 Villenave d'Ornon , France.", 'ROR_API': True, 'ROR_API_score': 0.62, 'avg': 0.31}, {'name': 'Banque de France', 'id': 'https://ror.org/0088v6m32', 'choose': False, 'score': 0.0, 'method': '', 'city': 'Paris', 'country': 'France', 'string': "INRA , UMR 1332 de Biologie du Fruit et Pathologie , F-33140 Villenave d'Ornon , France.", 'ROR_API': True, 'ROR_API_score': 0.64, 'avg': 0.32}, {'name': 'L’Institut de Biologie et Technologies', 'id': 'https://ror.org/052wcqj17', 'choose': False, 'score': 0.0, 'method': '', 'city': 'Gif-sur-Yvette', 'country': 'France', 'string': "INRA , UMR 1332 de Biologie du Fruit et Pathologie , F-33140 Villenave d'Ornon , France.", 'ROR_API': True, 'ROR_API_score': 0.64, 'avg': 0.32}, {'name': 'Laboratory of Biophotonics and Pharmacology', 'id': 'https://ror.org/0032sc770', 'choose': False, 'score': 0.0, 'method': '', 'city': 'Illkirch-Graffenstaden', 'country': 'France', 'string': "INRA , UMR 1332 de Biologie du Fruit et Pathologie , F-33140 Villenave d'Ornon , France.", 'ROR_API': True, 'ROR_API_score': 0.63, 'avg': 0.32}, {'name': 'Virology and Human Pathology', 'id': 'https://ror.org/031xg0236', 'choose': False, 'score': 0.0, 'method': '', 'city': 'Lyon', 'country': 'France', 'string': "INRA , UMR 1332 de Biologie du Fruit et Pathologie , F-33140 Villenave d'Ornon , France.", 'ROR_API': True, 'ROR_API_score': 0.67, 'avg': 0.34}, {'name': 'Biologie du Fruit et Pathologie', 'id': 'https://ror.org/00ccpdp17', 'choose': False, 'score': 0.0, 'method': '', 'city': "Villenave-d'Ornon", 'country': 'France', 'string': "INRA , UMR 1332 de Biologie du Fruit et Pathologie , F-33140 Villenave d'Ornon , France.", 'ROR_API': True, 'ROR_API_score': 1.0, 'avg': 0.5}]
31663334	Lartigue C	Carole	Lartigue	C	INRA , UMR 1332 de Biologie du Fruit et Pathologie , F-33140 Villenave d'Ornon , France.	Biologie du Fruit et Pathologie	https://ror.org/00ccpdp17	France	Villenave-d'Ornon	[{'name': 'Bioscar', 'id': 'https://ror.org/01qdqrj31', 'choose': False, 'score': 0.0, 'method': '', 'city': 'Paris', 'country': 'France', 'string': "INRA , UMR 1332 de Biologie du Fruit et Pathologie , F-33140 Villenave d'Ornon , France.", 'ROR_API': True, 'ROR_API_score': 0.62, 'avg': 0.31}, {'name': 'Banque de France', 'id': 'https://ror.org/0088v6m32', 'choose': False, 'score': 0.0, 'method': '', 'city': 'Paris', 'country': 'France', 'string': "INRA , UMR 1332 de Biologie du Fruit et Pathologie , F-33140 Villenave d'Ornon , France.", 'ROR_API': True, 'ROR_API_score': 0.64, 'avg': 0.32}, {'name': 'L’Institut de Biologie et Technologies', 'id': 'https://ror.org/052wcqj17', 'choose': False, 'score': 0.0, 'method': '', 'city': 'Gif-sur-Yvette', 'country': 'France', 'string': "INRA , UMR 1332 de Biologie du Fruit et Pathologie , F-33140 Villenave d'Ornon , France.", 'ROR_API': True, 'ROR_API_score': 0.64, 'avg': 0.32}, {'name': 'Laboratory of Biophotonics and Pharmacology', 'id': 'https://ror.org/0032sc770', 'choose': False, 'score': 0.0, 'method': '', 'city': 'Illkirch-Graffenstaden', 'country': 'France', 'string': "INRA , UMR 1332 de Biologie du Fruit et Pathologie , F-33140 Villenave d'Ornon , France.", 'ROR_API': True, 'ROR_API_score': 0.63, 'avg': 0.32}, {'name': 'Virology and Human Pathology', 'id': 'https://ror.org/031xg0236', 'choose': False, 'score': 0.0, 'method': '', 'city': 'Lyon', 'country': 'France', 'string': "INRA , UMR 1332 de Biologie du Fruit et Pathologie , F-33140 Villenave d'Ornon , France.", 'ROR_API': True, 'ROR_API_score': 0.67, 'avg': 0.34}, {'name': 'Biologie du Fruit et Pathologie', 'id': 'https://ror.org/00ccpdp17', 'choose': False, 'score': 0.0, 'method': '', 'city': "Villenave-d'Ornon", 'country': 'France', 'string': "INRA , UMR 1332 de Biologie du Fruit et Pathologie , F-33140 Villenave d'Ornon , France.", 'ROR_API': True, 'ROR_API_score': 1.0, 'avg': 0.5}]
31628213	Hagolani PF	Pascal F	Hagolani	PF	Evo-devo Helsinki community, Centre of Excellence in Experimental and Computational Developmental Biology, Institute of Biotechnology, University of Helsinki, 00014, Helsinki, Finland.	University of Helsinki	https://ror.org/040af2s02	Finland	Helsinki	[{'name': 'University of Helsinki', 'id': 'https://ror.org/040af2s02', 'choose': True, 'score': 1.0, 'method': "Exact match : 'University of Helsinki' Helsinki Finland", 'city': 'Helsinki', 'country': 'Finland', 'string': 'Evo-devo Helsinki community, Centre of Excellence in Experimental and Computational Developmental Biology, Institute of Biotechnology, University of Helsinki, 00014, Helsinki, Finland.'}]
31628213	Zimm R	Roland	Zimm	R	Evo-devo Helsinki community, Centre of Excellence in Experimental and Computational Developmental Biology, Institute of Biotechnology, University of Helsinki, 00014, Helsinki, Finland.	University of Helsinki	https://ror.org/040af2s02	Finland	Helsinki	[{'name': 'University of Helsinki', 'id': 'https://ror.org/040af2s02', 'choose': True, 'score': 1.0, 'method': "Exact match : 'University of Helsinki' Helsinki Finland", 'city': 'Helsinki', 'country': 'Finland', 'string': 'Evo-devo Helsinki community, Centre of Excellence in Experimental and Computational Developmental Biology, Institute of Biotechnology, University of Helsinki, 00014, Helsinki, Finland.'}]
31628213	Marin-Riera M	Miquel	Marin-Riera	M	Centre for Genomic Regulation (CRG), The Barcelona Institute of Science and Technology, 08003 Barcelona, Spain	Centre for Genomic Regulation	https://ror.org/03wyzt892	Spain	Barcelona	[{'name': 'Institute for Bioengineering of Catalonia', 'id': 'https://ror.org/056h71x09', 'choose': False, 'score': 0.73, 'method': 'Prediction', 'city': 'Barcelona', 'country': 'Spain', 'string': 'Centre for Genomic Regulation (CRG), The Barcelona Institute of Science and Technology, 08003 Barcelona, Spain'}, {'name': 'Barcelona Institute for Science and Technology', 'id': 'https://ror.org/03kpps236', 'choose': False, 'score': 0.77, 'method': 'Prediction', 'city': 'Barcelona', 'country': 'Spain', 'string': 'Centre for Genomic Regulation (CRG), The Barcelona Institute of Science and Technology, 08003 Barcelona, Spain'}, {'name': 'Centre for Genomic Regulation', 'id': 'https://ror.org/03wyzt892', 'choose': True, 'score': 1.0, 'method': "Exact match : 'Centre for Genomic Regulation' Barcelona Spain", 'city': 'Barcelona', 'country': 'Spain', 'string': 'Centre for Genomic Regulation (CRG), The Barcelona Institute of Science and Technology, 08003 Barcelona, Spain'}]
31628213	Marin-Riera M	Miquel	Marin-Riera	M	 European Molecular Biology Laboratory, 08003 Barcelona, Spain.	European Molecular Biology Laboratory	https://ror.org/010jaxs89	Spain	Barcelona	[{'name': 'European Molecular Biology Laboratory', 'id': 'https://ror.org/010jaxs89', 'choose': True, 'score': 1.0, 'method': "Exact match : 'European Molecular Biology Laboratory' Barcelona Spain", 'city': 'Barcelona', 'country': 'Spain', 'string': ' European Molecular Biology Laboratory, 08003 Barcelona, Spain.'}]
31628213	Salazar-Ciudad I	Isaac	Salazar-Ciudad	I	Evo-devo Helsinki community, Centre of Excellence in Experimental and Computational Developmental Biology, Institute of Biotechnology, University of Helsinki, 00014, Helsinki, Finland isaac.salazar@helsinki.fi.	University of Helsinki	https://ror.org/040af2s02	Finland	Helsinki	[{'name': 'University of Helsinki', 'id': 'https://ror.org/040af2s02', 'choose': True, 'score': 1.0, 'method': "Exact match : 'University of Helsinki' Helsinki Finland", 'city': 'Helsinki', 'country': 'Finland', 'string': 'Evo-devo Helsinki community, Centre of Excellence in Experimental and Computational Developmental Biology, Institute of Biotechnology, University of Helsinki, 00014, Helsinki, Finland isaac.salazar@helsinki.fi.'}]
31559909	Capponi S	Simona	Capponi	S	German Cancer Consortium (DKTK) partner site Freiburg, German Cancer Research Center (DKFZ) and Department of Urology, Medical Center-University of Freiburg, Freiburg, Germany.	University of Freiburg	https://ror.org/0245cg223	Germany	Freiburg	[{'name': 'University of Freiburg', 'id': 'https://ror.org/0245cg223', 'choose': True, 'score': 1.0, 'method': "Exact match : 'University of Freiburg' Freiburg Germany", 'city': 'Freiburg', 'country': 'Germany', 'string': 'German Cancer Consortium (DKTK) partner site Freiburg, German Cancer Research Center (DKFZ) and Department of Urology, Medical Center-University of Freiburg, Freiburg, Germany.'}]
31559909	Stöffler N	Nadja	Stöffler	N	German Cancer Consortium (DKTK) partner site Freiburg, German Cancer Research Center (DKFZ) and Department of Urology, Medical Center-University of Freiburg, Freiburg, Germany.	University of Freiburg	https://ror.org/0245cg223	Germany	Freiburg	[{'name': 'University of Freiburg', 'id': 'https://ror.org/0245cg223', 'choose': True, 'score': 1.0, 'method': "Exact match : 'University of Freiburg' Freiburg Germany", 'city': 'Freiburg', 'country': 'Germany', 'string': 'German Cancer Consortium (DKTK) partner site Freiburg, German Cancer Research Center (DKFZ) and Department of Urology, Medical Center-University of Freiburg, Freiburg, Germany.'}]
31559909	Irimia M	Manuel	Irimia	M	EMBL/CRG Systems Biology Research Unit, Centre for Genomic Regulation, The Barcelona Institute for Science and Technology, Barcelona, Spain.	Barcelona Institute for Science and Technology	https://ror.org/03kpps236	Spain	Barcelona	[{'name': 'European Molecular Biology Laboratory', 'id': 'https://ror.org/010jaxs89', 'choose': True, 'score': 1.0, 'method': "Acronyms : 'EMBL'", 'city': 'Barcelona', 'country': 'Spain', 'string': 'EMBL/CRG Systems Biology Research Unit, Centre for Genomic Regulation, The Barcelona Institute for Science and Technology, Barcelona, Spain.'}, {'name': 'Centre for Genomic Regulation', 'id': 'https://ror.org/03wyzt892', 'choose': True, 'score': 1.0, 'method': "Exact match : 'Centre for Genomic Regulation' Barcelona Spain", 'city': 'Barcelona', 'country': 'Spain', 'string': 'EMBL/CRG Systems Biology Research Unit, Centre for Genomic Regulation, The Barcelona Institute for Science and Technology, Barcelona, Spain.'}, {'name': 'Barcelona Institute for Science and Technology', 'id': 'https://ror.org/03kpps236', 'choose': True, 'score': 1.0, 'method': "Exact match : 'Barcelona Institute for Science and Technology' Barcelona Spain", 'city': 'Barcelona', 'country': 'Spain', 'string': 'EMBL/CRG Systems Biology Research Unit, Centre for Genomic Regulation, The Barcelona Institute for Science and Technology, Barcelona, Spain.'}]
31559909	Van Schaik FMA	Frederik M A	Van Schaik	FMA	Molecular Cancer Research and Stem Cells, Regenerative Medicine Center and Center for Molecular Medicine, University Medical Center Utrecht, Utrecht, The Netherlands.	University Medical Center Utrecht	https://ror.org/0575yy874	Netherlands	Utrecht	[{'name': 'Oncode Institute', 'id': 'https://ror.org/01n92vv28', 'choose': False, 'score': 0.8, 'method': 'Prediction', 'city': 'Utrecht', 'country': 'Netherlands', 'string': 'Molecular Cancer Research and Stem Cells, Regenerative Medicine Center and Center for Molecular Medicine, University Medical Center Utrecht, Utrecht, The Netherlands.'}, {'name': 'University Medical Center Utrecht', 'id': 'https://ror.org/0575yy874', 'choose': True, 'score': 1.0, 'method': "Exact match : 'University Medical Center Utrecht' Utrecht Netherlands", 'city': 'Utrecht', 'country': 'Netherlands', 'string': 'Molecular Cancer Research and Stem Cells, Regenerative Medicine Center and Center for Molecular Medicine, University Medical Center Utrecht, Utrecht, The Netherlands.'}]
31559909	Ondik MM	Mercedes M	Ondik	MM	McGovern Institute for Brain Research, Department of Brain and Cognitive Sciences, Massachusetts Institute of Technology, Cambridge, MA, USA.	Massachusetts Institute of Technology	https://ror.org/042nb2s44	United_States	Cambridge	[{'name': 'Massachusetts Institute of Technology', 'id': 'https://ror.org/042nb2s44', 'choose': False, 'score': 0.99, 'method': 'Prediction on complete sentence', 'city': 'Cambridge', 'country': 'United_States', 'string': 'McGovern Institute for Brain Research, Department of Brain and Cognitive Sciences, Massachusetts Institute of Technology, Cambridge, MA, USA.'}]
31559909	Biniossek ML	Martin L	Biniossek	ML	Institute of Molecular Medicine and Cell Research, Faculty of Medicine, University of Freiburg, Freiburg, Germany.	University of Freiburg	https://ror.org/0245cg223	Germany	Freiburg	[{'name': 'University of Freiburg', 'id': 'https://ror.org/0245cg223', 'choose': True, 'score': 1.0, 'method': "Exact match : 'University of Freiburg' Freiburg Germany", 'city': 'Freiburg', 'country': 'Germany', 'string': 'Institute of Molecular Medicine and Cell Research, Faculty of Medicine, University of Freiburg, Freiburg, Germany.'}]
31559909	Lehmann L	Lisa	Lehmann	L	Institute of Molecular Medicine and Cell Research, Faculty of Medicine, University of Freiburg, Freiburg, Germany.	University of Freiburg	https://ror.org/0245cg223	Germany	Freiburg	[{'name': 'University of Freiburg', 'id': 'https://ror.org/0245cg223', 'choose': True, 'score': 1.0, 'method': "Exact match : 'University of Freiburg' Freiburg Germany", 'city': 'Freiburg', 'country': 'Germany', 'string': 'Institute of Molecular Medicine and Cell Research, Faculty of Medicine, University of Freiburg, Freiburg, Germany.'}]
31559909	Mitschke J	Julia	Mitschke	J	Institute of Molecular Medicine and Cell Research, Faculty of Medicine, University of Freiburg, Freiburg, Germany.	University of Freiburg	https://ror.org/0245cg223	Germany	Freiburg	[{'name': 'University of Freiburg', 'id': 'https://ror.org/0245cg223', 'choose': True, 'score': 1.0, 'method': "Exact match : 'University of Freiburg' Freiburg Germany", 'city': 'Freiburg', 'country': 'Germany', 'string': 'Institute of Molecular Medicine and Cell Research, Faculty of Medicine, University of Freiburg, Freiburg, Germany.'}]
31559909	Vermunt MW	Marit W	Vermunt	MW	Hubrecht Institute-KNAW and University Medical Center Utrecht, Utrecht, The Netherlands.	University Medical Center Utrecht	https://ror.org/0575yy874	Netherlands	Utrecht	[{'name': "Wilhelmina Children's Hospital", 'id': 'https://ror.org/05fqypv61', 'choose': False, 'score': 0.71, 'method': 'Prediction', 'city': 'Utrecht', 'country': 'Netherlands', 'string': 'Hubrecht Institute-KNAW and University Medical Center Utrecht, Utrecht, The Netherlands.'}, {'name': 'Oncode Institute', 'id': 'https://ror.org/01n92vv28', 'choose': False, 'score': 0.96, 'method': 'Prediction on complete sentence', 'city': 'Utrecht', 'country': 'Netherlands', 'string': 'Hubrecht Institute-KNAW and University Medical Center Utrecht, Utrecht, The Netherlands.'}, {'name': 'University Medical Center Utrecht', 'id': 'https://ror.org/0575yy874', 'choose': True, 'score': 1.0, 'method': "Exact match : 'University Medical Center Utrecht' Utrecht Netherlands", 'city': 'Utrecht', 'country': 'Netherlands', 'string': 'Hubrecht Institute-KNAW and University Medical Center Utrecht, Utrecht, The Netherlands.'}]
31559909	Creyghton MP	Menno P	Creyghton	MP	Hubrecht Institute-KNAW and University Medical Center Utrecht, Utrecht, The Netherlands.	University Medical Center Utrecht	https://ror.org/0575yy874	Netherlands	Utrecht	[{'name': "Wilhelmina Children's Hospital", 'id': 'https://ror.org/05fqypv61', 'choose': False, 'score': 0.71, 'method': 'Prediction', 'city': 'Utrecht', 'country': 'Netherlands', 'string': 'Hubrecht Institute-KNAW and University Medical Center Utrecht, Utrecht, The Netherlands.'}, {'name': 'Oncode Institute', 'id': 'https://ror.org/01n92vv28', 'choose': False, 'score': 0.96, 'method': 'Prediction on complete sentence', 'city': 'Utrecht', 'country': 'Netherlands', 'string': 'Hubrecht Institute-KNAW and University Medical Center Utrecht, Utrecht, The Netherlands.'}, {'name': 'University Medical Center Utrecht', 'id': 'https://ror.org/0575yy874', 'choose': True, 'score': 1.0, 'method': "Exact match : 'University Medical Center Utrecht' Utrecht Netherlands", 'city': 'Utrecht', 'country': 'Netherlands', 'string': 'Hubrecht Institute-KNAW and University Medical Center Utrecht, Utrecht, The Netherlands.'}]
31559909	Graybiel AM	Ann M	Graybiel	AM	McGovern Institute for Brain Research, Department of Brain and Cognitive Sciences, Massachusetts Institute of Technology, Cambridge, MA, USA.	Massachusetts Institute of Technology	https://ror.org/042nb2s44	United_States	Cambridge	[{'name': 'Massachusetts Institute of Technology', 'id': 'https://ror.org/042nb2s44', 'choose': False, 'score': 0.99, 'method': 'Prediction on complete sentence', 'city': 'Cambridge', 'country': 'United_States', 'string': 'McGovern Institute for Brain Research, Department of Brain and Cognitive Sciences, Massachusetts Institute of Technology, Cambridge, MA, USA.'}]
31559909	Reinheckel T	Thomas	Reinheckel	T	Institute of Molecular Medicine and Cell Research, Faculty of Medicine, University of Freiburg, Freiburg, Germany.	University of Freiburg	https://ror.org/0245cg223	Germany	Freiburg	[{'name': 'University of Freiburg', 'id': 'https://ror.org/0245cg223', 'choose': True, 'score': 1.0, 'method': "Exact match : 'University of Freiburg' Freiburg Germany", 'city': 'Freiburg', 'country': 'Germany', 'string': 'Institute of Molecular Medicine and Cell Research, Faculty of Medicine, University of Freiburg, Freiburg, Germany.'}]
31559909	Schilling O	Oliver	Schilling	O	Institute of Surgical Pathology, Faculty of Medicine-University of Freiburg, Freiburg, Germany.	University of Freiburg	https://ror.org/0245cg223	Germany	Freiburg	[{'name': 'University of Freiburg', 'id': 'https://ror.org/0245cg223', 'choose': True, 'score': 1.0, 'method': "Exact match : 'University of Freiburg' Freiburg Germany", 'city': 'Freiburg', 'country': 'Germany', 'string': 'Institute of Surgical Pathology, Faculty of Medicine-University of Freiburg, Freiburg, Germany.'}]
31559909	Blencowe BJ	Benjamin J	Blencowe	BJ	Donnelly Centre and Department of Molecular Genetics, University of Toronto, Toronto, Canada.	University of Toronto	https://ror.org/03dbr7087	Canada	Toronto	[{'name': 'Sunnybrook Health Science Centre', 'id': 'https://ror.org/03wefcv03', 'choose': False, 'score': 0.85, 'method': 'Prediction', 'city': 'Toronto', 'country': 'Canada', 'string': 'Donnelly Centre and Department of Molecular Genetics, University of Toronto, Toronto, Canada.'}, {'name': 'University of Toronto', 'id': 'https://ror.org/03dbr7087', 'choose': True, 'score': 1.0, 'method': "Exact match : 'University of Toronto' Toronto Canada", 'city': 'Toronto', 'country': 'Canada', 'string': 'Donnelly Centre and Department of Molecular Genetics, University of Toronto, Toronto, Canada.'}]
31559909	Crittenden JR	Jill R	Crittenden	JR	McGovern Institute for Brain Research, Department of Brain and Cognitive Sciences, Massachusetts Institute of Technology, Cambridge, MA, USA.	Massachusetts Institute of Technology	https://ror.org/042nb2s44	United_States	Cambridge	[{'name': 'Massachusetts Institute of Technology', 'id': 'https://ror.org/042nb2s44', 'choose': False, 'score': 0.99, 'method': 'Prediction on complete sentence', 'city': 'Cambridge', 'country': 'United_States', 'string': 'McGovern Institute for Brain Research, Department of Brain and Cognitive Sciences, Massachusetts Institute of Technology, Cambridge, MA, USA.'}]
31559909	Timmers HTM	H Th Marc	Timmers	HTM	German Cancer Consortium (DKTK) partner site Freiburg, German Cancer Research Center (DKFZ) and Department of Urology, Medical Center-University of Freiburg, Freiburg, Germany.	University of Freiburg	https://ror.org/0245cg223	Germany	Freiburg	[{'name': 'University of Freiburg', 'id': 'https://ror.org/0245cg223', 'choose': True, 'score': 1.0, 'method': "Exact match : 'University of Freiburg' Freiburg Germany", 'city': 'Freiburg', 'country': 'Germany', 'string': 'German Cancer Consortium (DKTK) partner site Freiburg, German Cancer Research Center (DKFZ) and Department of Urology, Medical Center-University of Freiburg, Freiburg, Germany.'}]
31277602	Martín-Pardillos A	Ana	Martín-Pardillos	A	Translational Molecular Pathology Group, Vall d'Hebron Research Institute, Barcelona, Spain. ana.martin@vhir.org.	Vall d'Hebron Research Institute	https://ror.org/01d5vx451	Spain	Barcelona	[{'name': 'CIBBIM-Nanomedicine', 'id': 'https://ror.org/04xezgr31', 'choose': False, 'score': 0.91, 'method': 'Prediction on complete sentence', 'city': 'Barcelona', 'country': 'Spain', 'string': "Translational Molecular Pathology Group, Vall d'Hebron Research Institute, Barcelona, Spain. ana.martin@vhir.org."}, {'name': "Vall d'Hebron Research Institute", 'id': 'https://ror.org/01d5vx451', 'choose': False, 'score': 0.99, 'method': 'Prediction on complete sentence', 'city': 'Barcelona', 'country': 'Spain', 'string': "Translational Molecular Pathology Group, Vall d'Hebron Research Institute, Barcelona, Spain. ana.martin@vhir.org."}]
31277602	Valls Chiva Á	Ángeles	Valls Chiva	Á	Translational Molecular Pathology Group, Vall d'Hebron Research Institute, Barcelona, Spain.	Vall d'Hebron Research Institute	https://ror.org/01d5vx451	Spain	Barcelona	[{'name': 'CIBBIM-Nanomedicine', 'id': 'https://ror.org/04xezgr31', 'choose': False, 'score': 0.87, 'method': 'Prediction', 'city': 'Barcelona', 'country': 'Spain', 'string': "Translational Molecular Pathology Group, Vall d'Hebron Research Institute, Barcelona, Spain."}, {'name': "Vall d'Hebron Research Institute", 'id': 'https://ror.org/01d5vx451', 'choose': False, 'score': 0.99, 'method': 'Prediction on complete sentence', 'city': 'Barcelona', 'country': 'Spain', 'string': "Translational Molecular Pathology Group, Vall d'Hebron Research Institute, Barcelona, Spain."}]
31277602	Bande Vargas G	Gemma	Bande Vargas	G	Translational Molecular Pathology Group, Vall d'Hebron Research Institute, Barcelona, Spain.	Vall d'Hebron Research Institute	https://ror.org/01d5vx451	Spain	Barcelona	[{'name': 'CIBBIM-Nanomedicine', 'id': 'https://ror.org/04xezgr31', 'choose': False, 'score': 0.87, 'method': 'Prediction', 'city': 'Barcelona', 'country': 'Spain', 'string': "Translational Molecular Pathology Group, Vall d'Hebron Research Institute, Barcelona, Spain."}, {'name': "Vall d'Hebron Research Institute", 'id': 'https://ror.org/01d5vx451', 'choose': False, 'score': 0.99, 'method': 'Prediction on complete sentence', 'city': 'Barcelona', 'country': 'Spain', 'string': "Translational Molecular Pathology Group, Vall d'Hebron Research Institute, Barcelona, Spain."}]
31277602	Hurtado Blanco P	Pablo	Hurtado Blanco	P	Cancer Modelling Lab, Roche-CHUS Joint Unit, Santiago de Compostela, Spain.	Complejo Hospitalario Universitario de Santiago	https://ror.org/00mpdg388	Spain	Santiago_de_Compostela	[{'name': 'Conxo, Santiago de Compostela', 'id': 'https://ror.org/01rf07780', 'choose': False, 'score': 0.0, 'method': '', 'city': 'Santiago_de_Compostela', 'country': 'Spain', 'string': 'Cancer Modelling Lab, Roche-CHUS Joint Unit, Santiago de Compostela, Spain.', 'ROR_API': True, 'ROR_API_score': 0.88, 'avg': 0.44}, {'name': 'University of Santiago de Compostela', 'id': 'https://ror.org/030eybx10', 'choose': False, 'score': 0.42, 'method': 'Prediction', 'city': 'Santiago_de_Compostela', 'country': 'Spain', 'string': 'Cancer Modelling Lab, Roche-CHUS Joint Unit, Santiago de Compostela, Spain.', 'ROR_API': True, 'ROR_API_score': 0.78, 'avg': 0.6}, {'name': 'Complejo Hospitalario Universitario de Santiago', 'id': 'https://ror.org/00mpdg388', 'choose': True, 'score': 1.0, 'method': "Acronyms : 'CHUS'", 'city': 'Santiago_de_Compostela', 'country': 'Spain', 'string': 'Cancer Modelling Lab, Roche-CHUS Joint Unit, Santiago de Compostela, Spain.', 'ROR_API': True, 'ROR_API_score': 1.0, 'avg': 1.0}]
31277602	Piñeiro Cid R	Roberto	Piñeiro Cid	R	CIBERONC (Centro de Investigación Biomédica en Red de Cáncer), Madrid, Spain.	Centro de Investigación Biomédica en Red de Salud Mental	https://ror.org/009byq155	Spain	Madrid	[{'name': 'Centro de Investigación Biomédica en Red de Enfermedades Hepáticas y Digestivas', 'id': 'https://ror.org/03cn6tr16', 'choose': False, 'score': 0.94, 'method': 'Prediction on complete sentence', 'city': 'Madrid', 'country': 'Spain', 'string': 'CIBERONC (Centro de Investigación Biomédica en Red de Cáncer), Madrid, Spain.'}, {'name': 'Centro de Investigación Biomédica en Red de Salud Mental', 'id': 'https://ror.org/009byq155', 'choose': False, 'score': 0.98, 'method': 'Prediction on complete sentence', 'city': 'Madrid', 'country': 'Spain', 'string': 'CIBERONC (Centro de Investigación Biomédica en Red de Cáncer), Madrid, Spain.'}]
31277602	Guijarro PJ	Pedro J	Guijarro	PJ	Translational Molecular Pathology Group, Vall d'Hebron Research Institute, Barcelona, Spain.	Vall d'Hebron Research Institute	https://ror.org/01d5vx451	Spain	Barcelona	[{'name': 'CIBBIM-Nanomedicine', 'id': 'https://ror.org/04xezgr31', 'choose': False, 'score': 0.87, 'method': 'Prediction', 'city': 'Barcelona', 'country': 'Spain', 'string': "Translational Molecular Pathology Group, Vall d'Hebron Research Institute, Barcelona, Spain."}, {'name': "Vall d'Hebron Research Institute", 'id': 'https://ror.org/01d5vx451', 'choose': False, 'score': 0.99, 'method': 'Prediction on complete sentence', 'city': 'Barcelona', 'country': 'Spain', 'string': "Translational Molecular Pathology Group, Vall d'Hebron Research Institute, Barcelona, Spain."}]
31277602	Hümmer S	Stefan	Hümmer	S	Translational Molecular Pathology Group, Vall d'Hebron Research Institute, Barcelona, Spain.	Vall d'Hebron Research Institute	https://ror.org/01d5vx451	Spain	Barcelona	[{'name': 'CIBBIM-Nanomedicine', 'id': 'https://ror.org/04xezgr31', 'choose': False, 'score': 0.87, 'method': 'Prediction', 'city': 'Barcelona', 'country': 'Spain', 'string': "Translational Molecular Pathology Group, Vall d'Hebron Research Institute, Barcelona, Spain."}, {'name': "Vall d'Hebron Research Institute", 'id': 'https://ror.org/01d5vx451', 'choose': False, 'score': 0.99, 'method': 'Prediction on complete sentence', 'city': 'Barcelona', 'country': 'Spain', 'string': "Translational Molecular Pathology Group, Vall d'Hebron Research Institute, Barcelona, Spain."}]
31277602	Bejar Serrano E	Eva	Bejar Serrano	E	Translational Molecular Pathology Group, Vall d'Hebron Research Institute, Barcelona, Spain.	Vall d'Hebron Research Institute	https://ror.org/01d5vx451	Spain	Barcelona	[{'name': 'CIBBIM-Nanomedicine', 'id': 'https://ror.org/04xezgr31', 'choose': False, 'score': 0.87, 'method': 'Prediction', 'city': 'Barcelona', 'country': 'Spain', 'string': "Translational Molecular Pathology Group, Vall d'Hebron Research Institute, Barcelona, Spain."}, {'name': "Vall d'Hebron Research Institute", 'id': 'https://ror.org/01d5vx451', 'choose': False, 'score': 0.99, 'method': 'Prediction on complete sentence', 'city': 'Barcelona', 'country': 'Spain', 'string': "Translational Molecular Pathology Group, Vall d'Hebron Research Institute, Barcelona, Spain."}]
31277602	Rodriguez-Casanova A	Aitor	Rodriguez-Casanova	A	Cancer Epigenomics, Translational Medical Oncology (Oncomet), Health Research Institute of Santiago (IDIS), University Clinical Hospital of Santiago (CHUS), Santiago de Compostela, Spain.	Instituto de Investigación Sanitaria de Santiago	https://ror.org/05n7xcf53	Spain	Santiago_de_Compostela	[{'name': 'Hospital Santiago Apostol', 'id': 'https://ror.org/023pqj155', 'choose': False, 'score': 0.0, 'method': '', 'city': 'Vitoria-Gasteiz', 'country': 'Spain', 'string': 'Cancer Epigenomics, Translational Medical Oncology (Oncomet), Health Research Institute of Santiago (IDIS), University Clinical Hospital of Santiago (CHUS), Santiago de Compostela, Spain.', 'ROR_API': True, 'ROR_API_score': 0.72, 'avg': 0.36}, {'name': 'Instituto de Salud Carlos III', 'id': 'https://ror.org/00ca2c886', 'choose': False, 'score': 0.07, 'method': 'Prediction', 'city': 'Madrid', 'country': 'Spain', 'string': 'Cancer Epigenomics, Translational Medical Oncology (Oncomet), Health Research Institute of Santiago (IDIS), University Clinical Hospital of Santiago (CHUS), Santiago de Compostela, Spain.', 'ROR_API': True, 'ROR_API_score': 0.69, 'avg': 0.38}, {'name': "Institut Hospital del Mar d'Investigacions Mèdiques", 'id': 'https://ror.org/042nkmz09', 'choose': False, 'score': 0.16, 'method': 'Prediction', 'city': 'Barcelona', 'country': 'Spain', 'string': 'Cancer Epigenomics, Translational Medical Oncology (Oncomet), Health Research Institute of Santiago (IDIS), University Clinical Hospital of Santiago (CHUS), Santiago de Compostela, Spain.', 'ROR_API': True, 'ROR_API_score': 0.63, 'avg': 0.4}, {'name': 'Instituto de Investigación Sanitaria del Hospital Clínico San Carlos', 'id': 'https://ror.org/014v12a39', 'choose': False, 'score': 0.07, 'method': 'Prediction', 'city': 'Madrid', 'country': 'Spain', 'string': 'Cancer Epigenomics, Translational Medical Oncology (Oncomet), Health Research Institute of Santiago (IDIS), University Clinical Hospital of Santiago (CHUS), Santiago de Compostela, Spain.', 'ROR_API': True, 'ROR_API_score': 0.75, 'avg': 0.41}, {'name': 'Conxo, Santiago de Compostela', 'id': 'https://ror.org/01rf07780', 'choose': False, 'score': 0.0, 'method': '', 'city': 'Santiago_de_Compostela', 'country': 'Spain', 'string': 'Cancer Epigenomics, Translational Medical Oncology (Oncomet), Health Research Institute of Santiago (IDIS), University Clinical Hospital of Santiago (CHUS), Santiago de Compostela, Spain.', 'ROR_API': True, 'ROR_API_score': 0.88, 'avg': 0.44}, {'name': 'Hospital Universitario de Canarias', 'id': 'https://ror.org/05qndj312', 'choose': False, 'score': 0.3, 'method': 'Prediction', 'city': 'Santa_Cruz_de_Tenerife', 'country': 'Spain', 'string': 'Cancer Epigenomics, Translational Medical Oncology (Oncomet), Health Research Institute of Santiago (IDIS), University Clinical Hospital of Santiago (CHUS), Santiago de Compostela, Spain.', 'ROR_API': True, 'ROR_API_score': 0.66, 'avg': 0.48}, {'name': 'University of Oviedo', 'id': 'https://ror.org/006gksa02', 'choose': False, 'score': 0.45, 'method': 'Prediction', 'city': 'Oviedo', 'country': 'Spain', 'string': 'Cancer Epigenomics, Translational Medical Oncology (Oncomet), Health Research Institute of Santiago (IDIS), University Clinical Hospital of Santiago (CHUS), Santiago de Compostela, Spain.', 'ROR_API': True, 'ROR_API_score': 0.6, 'avg': 0.52}, {'name': 'University of Santiago de Compostela', 'id': 'https://ror.org/030eybx10', 'choose': False, 'score': 0.53, 'method': 'Prediction', 'city': 'Santiago_de_Compostela', 'country': 'Spain', 'string': 'Cancer Epigenomics, Translational Medical Oncology (Oncomet), Health Research Institute of Santiago (IDIS), University Clinical Hospital of Santiago (CHUS), Santiago de Compostela, Spain.', 'ROR_API': True, 'ROR_API_score': 0.78, 'avg': 0.66}, {'name': 'Complejo Hospitalario Universitario de Santiago', 'id': 'https://ror.org/00mpdg388', 'choose': True, 'score': 1.0, 'method': "Acronyms : 'CHUS'", 'city': 'Santiago_de_Compostela', 'country': 'Spain', 'string': 'Cancer Epigenomics, Translational Medical Oncology (Oncomet), Health Research Institute of Santiago (IDIS), University Clinical Hospital of Santiago (CHUS), Santiago de Compostela, Spain.', 'ROR_API': True, 'ROR_API_score': 1.0, 'avg': 1.0}, {'name': 'Instituto de Investigación Sanitaria de Santiago', 'id': 'https://ror.org/05n7xcf53', 'choose': True, 'score': 1.0, 'method': "Acronyms : 'IDIS'", 'city': 'Santiago_de_Compostela', 'country': 'Spain', 'string': 'Cancer Epigenomics, Translational Medical Oncology (Oncomet), Health Research Institute of Santiago (IDIS), University Clinical Hospital of Santiago (CHUS), Santiago de Compostela, Spain.', 'ROR_API': True, 'ROR_API_score': 1.0, 'avg': 1.0}]
31277602	Diaz-Lagares Á	Ángel	Diaz-Lagares	Á	CIBERONC (Centro de Investigación Biomédica en Red de Cáncer), Madrid, Spain.	Centro de Investigación Biomédica en Red de Salud Mental	https://ror.org/009byq155	Spain	Madrid	[{'name': 'Centro de Investigación Biomédica en Red de Enfermedades Hepáticas y Digestivas', 'id': 'https://ror.org/03cn6tr16', 'choose': False, 'score': 0.94, 'method': 'Prediction on complete sentence', 'city': 'Madrid', 'country': 'Spain', 'string': 'CIBERONC (Centro de Investigación Biomédica en Red de Cáncer), Madrid, Spain.'}, {'name': 'Centro de Investigación Biomédica en Red de Salud Mental', 'id': 'https://ror.org/009byq155', 'choose': False, 'score': 0.98, 'method': 'Prediction on complete sentence', 'city': 'Madrid', 'country': 'Spain', 'string': 'CIBERONC (Centro de Investigación Biomédica en Red de Cáncer), Madrid, Spain.'}]
31277602	Castellvi J	Josep	Castellvi	J	Hospital Vall d'Hebron, Anatomía Patológica, Barcelona, Spain.	CIBBIM-Nanomedicine	https://ror.org/04xezgr31	Spain	Barcelona	[{'name': "Vall d'Hebron Research Institute", 'id': 'https://ror.org/01d5vx451', 'choose': False, 'score': 0.77, 'method': 'Prediction on substring', 'city': 'Barcelona', 'country': 'Spain', 'string': "Hospital Vall d'Hebron, Anatomía Patológica, Barcelona, Spain.", 'substring': 'Vall d Hebron Anatomía Patológica Barcelona'}, {'name': 'CIBBIM-Nanomedicine', 'id': 'https://ror.org/04xezgr31', 'choose': False, 'score': 0.81, 'method': 'Prediction', 'city': 'Barcelona', 'country': 'Spain', 'string': "Hospital Vall d'Hebron, Anatomía Patológica, Barcelona, Spain."}]
31277602	Miravet-Verde S	Samuel	Miravet-Verde	S	EMBL/CRG Systems Biology Research Unit, Centre for Genomic Regulation (CRG), The Institute of Science and Technology, Barcelona, Spain.	Centre for Genomic Regulation	https://ror.org/03wyzt892	Spain	Barcelona	[{'name': 'European Molecular Biology Laboratory', 'id': 'https://ror.org/010jaxs89', 'choose': True, 'score': 1.0, 'method': "Acronyms : 'EMBL'", 'city': 'Barcelona', 'country': 'Spain', 'string': 'EMBL/CRG Systems Biology Research Unit, Centre for Genomic Regulation (CRG), The Institute of Science and Technology, Barcelona, Spain.'}, {'name': 'Centre for Genomic Regulation', 'id': 'https://ror.org/03wyzt892', 'choose': True, 'score': 1.0, 'method': "Exact match : 'Centre for Genomic Regulation' Barcelona Spain", 'city': 'Barcelona', 'country': 'Spain', 'string': 'EMBL/CRG Systems Biology Research Unit, Centre for Genomic Regulation (CRG), The Institute of Science and Technology, Barcelona, Spain.'}]
31277602	Serrano L	Luis	Serrano	L	EMBL/CRG Systems Biology Research Unit, Centre for Genomic Regulation (CRG), The Institute of Science and Technology, Barcelona, Spain.	Centre for Genomic Regulation	https://ror.org/03wyzt892	Spain	Barcelona	[{'name': 'European Molecular Biology Laboratory', 'id': 'https://ror.org/010jaxs89', 'choose': True, 'score': 1.0, 'method': "Acronyms : 'EMBL'", 'city': 'Barcelona', 'country': 'Spain', 'string': 'EMBL/CRG Systems Biology Research Unit, Centre for Genomic Regulation (CRG), The Institute of Science and Technology, Barcelona, Spain.'}, {'name': 'Centre for Genomic Regulation', 'id': 'https://ror.org/03wyzt892', 'choose': True, 'score': 1.0, 'method': "Exact match : 'Centre for Genomic Regulation' Barcelona Spain", 'city': 'Barcelona', 'country': 'Spain', 'string': 'EMBL/CRG Systems Biology Research Unit, Centre for Genomic Regulation (CRG), The Institute of Science and Technology, Barcelona, Spain.'}]
31277602	Lluch-Senar M	María	Lluch-Senar	M	EMBL/CRG Systems Biology Research Unit, Centre for Genomic Regulation (CRG), The Institute of Science and Technology, Barcelona, Spain.	Centre for Genomic Regulation	https://ror.org/03wyzt892	Spain	Barcelona	[{'name': 'European Molecular Biology Laboratory', 'id': 'https://ror.org/010jaxs89', 'choose': True, 'score': 1.0, 'method': "Acronyms : 'EMBL'", 'city': 'Barcelona', 'country': 'Spain', 'string': 'EMBL/CRG Systems Biology Research Unit, Centre for Genomic Regulation (CRG), The Institute of Science and Technology, Barcelona, Spain.'}, {'name': 'Centre for Genomic Regulation', 'id': 'https://ror.org/03wyzt892', 'choose': True, 'score': 1.0, 'method': "Exact match : 'Centre for Genomic Regulation' Barcelona Spain", 'city': 'Barcelona', 'country': 'Spain', 'string': 'EMBL/CRG Systems Biology Research Unit, Centre for Genomic Regulation (CRG), The Institute of Science and Technology, Barcelona, Spain.'}]
31277602	Sebastian V	Víctor	Sebastian	V	Department of Chemical Engineering, Aragon Institute of Nanoscience (INA), University of Zaragoza, Zaragoza, Spain.	University of Zaragoza	https://ror.org/012a91z28	Spain	Zaragoza	[{'name': 'University of Zaragoza', 'id': 'https://ror.org/012a91z28', 'choose': True, 'score': 1.0, 'method': "Exact match : 'University of Zaragoza' Zaragoza Spain", 'city': 'Zaragoza', 'country': 'Spain', 'string': 'Department of Chemical Engineering, Aragon Institute of Nanoscience (INA), University of Zaragoza, Zaragoza, Spain.'}]
31277602	Bribian A	Ana	Bribian	A	Department of Molecular, Cellular and Developmental Neurobiology, Instituto Cajal-CSIC, Madrid, Spain.	Cajal Institute	https://ror.org/012gwbh42	Spain	Madrid	[{'name': 'Spanish National Research Council', 'id': 'https://ror.org/02gfc7t72', 'choose': True, 'score': 1.0, 'method': "Acronyms : 'CSIC'", 'city': 'Madrid', 'country': 'Spain', 'string': 'Department of Molecular, Cellular and Developmental Neurobiology, Instituto Cajal-CSIC, Madrid, Spain.'}, {'name': 'Cajal Institute', 'id': 'https://ror.org/012gwbh42', 'choose': True, 'score': 1.0, 'method': "Exact match : 'Instituto Cajal' Madrid Spain", 'city': 'Madrid', 'country': 'Spain', 'string': 'Department of Molecular, Cellular and Developmental Neurobiology, Instituto Cajal-CSIC, Madrid, Spain.'}]
31277602	López-Mascaraque L	Laura	López-Mascaraque	L	Department of Molecular, Cellular and Developmental Neurobiology, Instituto Cajal-CSIC, Madrid, Spain.	Cajal Institute	https://ror.org/012gwbh42	Spain	Madrid	[{'name': 'Spanish National Research Council', 'id': 'https://ror.org/02gfc7t72', 'choose': True, 'score': 1.0, 'method': "Acronyms : 'CSIC'", 'city': 'Madrid', 'country': 'Spain', 'string': 'Department of Molecular, Cellular and Developmental Neurobiology, Instituto Cajal-CSIC, Madrid, Spain.'}, {'name': 'Cajal Institute', 'id': 'https://ror.org/012gwbh42', 'choose': True, 'score': 1.0, 'method': "Exact match : 'Instituto Cajal' Madrid Spain", 'city': 'Madrid', 'country': 'Spain', 'string': 'Department of Molecular, Cellular and Developmental Neurobiology, Instituto Cajal-CSIC, Madrid, Spain.'}]
31277602	López-López R	Rafael	López-López	R	Cancer Epigenomics, Translational Medical Oncology (Oncomet), Health Research Institute of Santiago (IDIS), University Clinical Hospital of Santiago (CHUS), Santiago de Compostela, Spain.	Instituto de Investigación Sanitaria de Santiago	https://ror.org/05n7xcf53	Spain	Santiago_de_Compostela	[{'name': 'Hospital Santiago Apostol', 'id': 'https://ror.org/023pqj155', 'choose': False, 'score': 0.0, 'method': '', 'city': 'Vitoria-Gasteiz', 'country': 'Spain', 'string': 'Cancer Epigenomics, Translational Medical Oncology (Oncomet), Health Research Institute of Santiago (IDIS), University Clinical Hospital of Santiago (CHUS), Santiago de Compostela, Spain.', 'ROR_API': True, 'ROR_API_score': 0.72, 'avg': 0.36}, {'name': 'Instituto de Salud Carlos III', 'id': 'https://ror.org/00ca2c886', 'choose': False, 'score': 0.07, 'method': 'Prediction', 'city': 'Madrid', 'country': 'Spain', 'string': 'Cancer Epigenomics, Translational Medical Oncology (Oncomet), Health Research Institute of Santiago (IDIS), University Clinical Hospital of Santiago (CHUS), Santiago de Compostela, Spain.', 'ROR_API': True, 'ROR_API_score': 0.69, 'avg': 0.38}, {'name': "Institut Hospital del Mar d'Investigacions Mèdiques", 'id': 'https://ror.org/042nkmz09', 'choose': False, 'score': 0.16, 'method': 'Prediction', 'city': 'Barcelona', 'country': 'Spain', 'string': 'Cancer Epigenomics, Translational Medical Oncology (Oncomet), Health Research Institute of Santiago (IDIS), University Clinical Hospital of Santiago (CHUS), Santiago de Compostela, Spain.', 'ROR_API': True, 'ROR_API_score': 0.63, 'avg': 0.4}, {'name': 'Instituto de Investigación Sanitaria del Hospital Clínico San Carlos', 'id': 'https://ror.org/014v12a39', 'choose': False, 'score': 0.07, 'method': 'Prediction', 'city': 'Madrid', 'country': 'Spain', 'string': 'Cancer Epigenomics, Translational Medical Oncology (Oncomet), Health Research Institute of Santiago (IDIS), University Clinical Hospital of Santiago (CHUS), Santiago de Compostela, Spain.', 'ROR_API': True, 'ROR_API_score': 0.75, 'avg': 0.41}, {'name': 'Conxo, Santiago de Compostela', 'id': 'https://ror.org/01rf07780', 'choose': False, 'score': 0.0, 'method': '', 'city': 'Santiago_de_Compostela', 'country': 'Spain', 'string': 'Cancer Epigenomics, Translational Medical Oncology (Oncomet), Health Research Institute of Santiago (IDIS), University Clinical Hospital of Santiago (CHUS), Santiago de Compostela, Spain.', 'ROR_API': True, 'ROR_API_score': 0.88, 'avg': 0.44}, {'name': 'Hospital Universitario de Canarias', 'id': 'https://ror.org/05qndj312', 'choose': False, 'score': 0.3, 'method': 'Prediction', 'city': 'Santa_Cruz_de_Tenerife', 'country': 'Spain', 'string': 'Cancer Epigenomics, Translational Medical Oncology (Oncomet), Health Research Institute of Santiago (IDIS), University Clinical Hospital of Santiago (CHUS), Santiago de Compostela, Spain.', 'ROR_API': True, 'ROR_API_score': 0.66, 'avg': 0.48}, {'name': 'University of Oviedo', 'id': 'https://ror.org/006gksa02', 'choose': False, 'score': 0.45, 'method': 'Prediction', 'city': 'Oviedo', 'country': 'Spain', 'string': 'Cancer Epigenomics, Translational Medical Oncology (Oncomet), Health Research Institute of Santiago (IDIS), University Clinical Hospital of Santiago (CHUS), Santiago de Compostela, Spain.', 'ROR_API': True, 'ROR_API_score': 0.6, 'avg': 0.52}, {'name': 'University of Santiago de Compostela', 'id': 'https://ror.org/030eybx10', 'choose': False, 'score': 0.53, 'method': 'Prediction', 'city': 'Santiago_de_Compostela', 'country': 'Spain', 'string': 'Cancer Epigenomics, Translational Medical Oncology (Oncomet), Health Research Institute of Santiago (IDIS), University Clinical Hospital of Santiago (CHUS), Santiago de Compostela, Spain.', 'ROR_API': True, 'ROR_API_score': 0.78, 'avg': 0.66}, {'name': 'Complejo Hospitalario Universitario de Santiago', 'id': 'https://ror.org/00mpdg388', 'choose': True, 'score': 1.0, 'method': "Acronyms : 'CHUS'", 'city': 'Santiago_de_Compostela', 'country': 'Spain', 'string': 'Cancer Epigenomics, Translational Medical Oncology (Oncomet), Health Research Institute of Santiago (IDIS), University Clinical Hospital of Santiago (CHUS), Santiago de Compostela, Spain.', 'ROR_API': True, 'ROR_API_score': 1.0, 'avg': 1.0}, {'name': 'Instituto de Investigación Sanitaria de Santiago', 'id': 'https://ror.org/05n7xcf53', 'choose': True, 'score': 1.0, 'method': "Acronyms : 'IDIS'", 'city': 'Santiago_de_Compostela', 'country': 'Spain', 'string': 'Cancer Epigenomics, Translational Medical Oncology (Oncomet), Health Research Institute of Santiago (IDIS), University Clinical Hospital of Santiago (CHUS), Santiago de Compostela, Spain.', 'ROR_API': True, 'ROR_API_score': 1.0, 'avg': 1.0}]
31277602	Ramón Y Cajal S	Santiago	Ramón Y Cajal	S	Translational Molecular Pathology Group, Vall d'Hebron Research Institute, Barcelona, Spain. sramon@vhebron.net.	Vall d'Hebron Research Institute	https://ror.org/01d5vx451	Spain	Barcelona	[{'name': 'CIBBIM-Nanomedicine', 'id': 'https://ror.org/04xezgr31', 'choose': False, 'score': 0.72, 'method': 'Prediction', 'city': 'Barcelona', 'country': 'Spain', 'string': "Translational Molecular Pathology Group, Vall d'Hebron Research Institute, Barcelona, Spain. sramon@vhebron.net."}, {'name': "Vall d'Hebron Research Institute", 'id': 'https://ror.org/01d5vx451', 'choose': False, 'score': 0.98, 'method': 'Prediction on complete sentence', 'city': 'Barcelona', 'country': 'Spain', 'string': "Translational Molecular Pathology Group, Vall d'Hebron Research Institute, Barcelona, Spain. sramon@vhebron.net."}]
31169494	Verd B	Berta	Verd	B	EMBL/CRG Systems Biology Research Unit, Centre for Genomic Regulation (CRG), The Barcelona Institute of Science and Technology, Barcelona, Spain.	Centre for Genomic Regulation	https://ror.org/03wyzt892	Spain	Barcelona	[{'name': 'Institute for Bioengineering of Catalonia', 'id': 'https://ror.org/056h71x09', 'choose': False, 'score': 0.72, 'method': 'Prediction', 'city': 'Barcelona', 'country': 'Spain', 'string': 'EMBL/CRG Systems Biology Research Unit, Centre for Genomic Regulation (CRG), The Barcelona Institute of Science and Technology, Barcelona, Spain.'}, {'name': 'Institute for Research in Biomedicine', 'id': 'https://ror.org/01z1gye03', 'choose': False, 'score': 0.74, 'method': 'Prediction', 'city': 'Barcelona', 'country': 'Spain', 'string': 'EMBL/CRG Systems Biology Research Unit, Centre for Genomic Regulation (CRG), The Barcelona Institute of Science and Technology, Barcelona, Spain.'}, {'name': 'European Molecular Biology Laboratory', 'id': 'https://ror.org/010jaxs89', 'choose': True, 'score': 1.0, 'method': "Acronyms : 'EMBL'", 'city': 'Barcelona', 'country': 'Spain', 'string': 'EMBL/CRG Systems Biology Research Unit, Centre for Genomic Regulation (CRG), The Barcelona Institute of Science and Technology, Barcelona, Spain.'}, {'name': 'Centre for Genomic Regulation', 'id': 'https://ror.org/03wyzt892', 'choose': True, 'score': 1.0, 'method': "Exact match : 'Centre for Genomic Regulation' Barcelona Spain", 'city': 'Barcelona', 'country': 'Spain', 'string': 'EMBL/CRG Systems Biology Research Unit, Centre for Genomic Regulation (CRG), The Barcelona Institute of Science and Technology, Barcelona, Spain.'}]
31169494	Monk NA	Nicholas Am	Monk	NA	School of Mathematics and Statistics, University of Sheffield, Sheffield, United States.	University of Minnesota	https://ror.org/017zqws13	United_States	Minneapolis	[{'name': 'United States Government Publishing Office', 'id': 'https://ror.org/04jgrhh38', 'choose': False, 'score': 0.0, 'method': '', 'city': 'Washington_D@C@', 'country': 'United_States', 'string': 'School of Mathematics and Statistics, University of Sheffield, Sheffield, United States.', 'ROR_API': True, 'ROR_API_score': 0.62, 'avg': 0.31}, {'name': 'United States Bureau of Reclamation', 'id': 'https://ror.org/00ezrrm21', 'choose': False, 'score': 0.0, 'method': '', 'city': 'Washington_D@C@', 'country': 'United_States', 'string': 'School of Mathematics and Statistics, University of Sheffield, Sheffield, United States.', 'ROR_API': True, 'ROR_API_score': 0.64, 'avg': 0.32}, {'name': 'National Weather Service', 'id': 'https://ror.org/00tgqzw13', 'choose': False, 'score': 0.0, 'method': '', 'city': 'Silver_Spring', 'country': 'United_States', 'string': 'School of Mathematics and Statistics, University of Sheffield, Sheffield, United States.', 'ROR_API': True, 'ROR_API_score': 0.63, 'avg': 0.32}, {'name': 'United States Pharmacopeial Convention', 'id': 'https://ror.org/03a7bpg58', 'choose': False, 'score': 0.0, 'method': '', 'city': 'Rockville', 'country': 'United_States', 'string': 'School of Mathematics and Statistics, University of Sheffield, Sheffield, United States.', 'ROR_API': True, 'ROR_API_score': 0.69, 'avg': 0.34}, {'name': 'National Geodetic Survey', 'id': 'https://ror.org/02f762h70', 'choose': False, 'score': 0.0, 'method': '', 'city': 'Silver_Spring', 'country': 'United_States', 'string': 'School of Mathematics and Statistics, University of Sheffield, Sheffield, United States.', 'ROR_API': True, 'ROR_API_score': 0.67, 'avg': 0.34}, {'name': 'Institute of Mathematical Statistics', 'id': 'https://ror.org/043f04882', 'choose': False, 'score': 0.0, 'method': '', 'city': 'Beachwood', 'country': 'United_States', 'string': 'School of Mathematics and Statistics, University of Sheffield, Sheffield, United States.', 'ROR_API': True, 'ROR_API_score': 0.72, 'avg': 0.36}, {'name': 'United States Marine Corps', 'id': 'https://ror.org/05av6m066', 'choose': False, 'score': 0.0, 'method': '', 'city': 'Arlington', 'country': 'United_States', 'string': 'School of Mathematics and Statistics, University of Sheffield, Sheffield, United States.', 'ROR_API': True, 'ROR_API_score': 0.76, 'avg': 0.38}, {'name': 'Maine School of Science and Mathematics', 'id': 'https://ror.org/057m37z25', 'choose': False, 'score': 0.0, 'method': '', 'city': 'Limestone', 'country': 'United_States', 'string': 'School of Mathematics and Statistics, University of Sheffield, Sheffield, United States.', 'ROR_API': True, 'ROR_API_score': 0.77, 'avg': 0.39}, {'name': 'University of Minnesota', 'id': 'https://ror.org/017zqws13', 'choose': False, 'score': 0.5, 'method': 'Prediction', 'city': 'Minneapolis', 'country': 'United_States', 'string': 'School of Mathematics and Statistics, University of Sheffield, Sheffield, United States.', 'ROR_API': True, 'ROR_API_score': 0.61, 'avg': 0.55}]
31169494	Jaeger J	Johannes	Jaeger	J	EMBL/CRG Systems Biology Research Unit, Centre for Genomic Regulation (CRG), The Barcelona Institute of Science and Technology, Barcelona, Spain.	Centre for Genomic Regulation	https://ror.org/03wyzt892	Spain	Barcelona	[{'name': 'Institute for Bioengineering of Catalonia', 'id': 'https://ror.org/056h71x09', 'choose': False, 'score': 0.72, 'method': 'Prediction', 'city': 'Barcelona', 'country': 'Spain', 'string': 'EMBL/CRG Systems Biology Research Unit, Centre for Genomic Regulation (CRG), The Barcelona Institute of Science and Technology, Barcelona, Spain.'}, {'name': 'Institute for Research in Biomedicine', 'id': 'https://ror.org/01z1gye03', 'choose': False, 'score': 0.74, 'method': 'Prediction', 'city': 'Barcelona', 'country': 'Spain', 'string': 'EMBL/CRG Systems Biology Research Unit, Centre for Genomic Regulation (CRG), The Barcelona Institute of Science and Technology, Barcelona, Spain.'}, {'name': 'European Molecular Biology Laboratory', 'id': 'https://ror.org/010jaxs89', 'choose': True, 'score': 1.0, 'method': "Acronyms : 'EMBL'", 'city': 'Barcelona', 'country': 'Spain', 'string': 'EMBL/CRG Systems Biology Research Unit, Centre for Genomic Regulation (CRG), The Barcelona Institute of Science and Technology, Barcelona, Spain.'}, {'name': 'Centre for Genomic Regulation', 'id': 'https://ror.org/03wyzt892', 'choose': True, 'score': 1.0, 'method': "Exact match : 'Centre for Genomic Regulation' Barcelona Spain", 'city': 'Barcelona', 'country': 'Spain', 'string': 'EMBL/CRG Systems Biology Research Unit, Centre for Genomic Regulation (CRG), The Barcelona Institute of Science and Technology, Barcelona, Spain.'}]
31102790	Ebrahimkhani MR	Mo R	Ebrahimkhani	MR	Biodesign Institute, Arizona State Tempe, AZ, USA	Arizona State University	https://ror.org/03efmqc40	United_States	Tempe	[{'name': 'Arizona Heart Institute', 'id': 'https://ror.org/00tdrjp82', 'choose': False, 'score': 0.0, 'method': '', 'city': 'Phoenix', 'country': 'United_States', 'string': 'Biodesign Institute, Arizona State Tempe, AZ, USA', 'ROR_API': True, 'ROR_API_score': 0.61, 'avg': 0.3}, {'name': 'Arizona State Museum', 'id': 'https://ror.org/00g3q3z36', 'choose': False, 'score': 0.0, 'method': '', 'city': 'Tucson', 'country': 'United_States', 'string': 'Biodesign Institute, Arizona State Tempe, AZ, USA', 'ROR_API': True, 'ROR_API_score': 0.67, 'avg': 0.34}, {'name': 'Arizona State University', 'id': 'https://ror.org/03efmqc40', 'choose': False, 'score': 0.0, 'method': '', 'city': 'Tempe', 'country': 'United_States', 'string': 'Biodesign Institute, Arizona State Tempe, AZ, USA', 'ROR_API': True, 'ROR_API_score': 0.7, 'avg': 0.35}]
31102790	Ebrahimkhani MR	Mo R	Ebrahimkhani	MR	 School of Biological and Health Systems Engineering, Arizona State Tempe, AZ, USA	Engineering Systems	https://ror.org/02qg60849	United_States	Omaha	[{'name': 'Aria - Jefferson Health', 'id': 'https://ror.org/05set4688', 'choose': False, 'score': 0.0, 'method': '', 'city': 'Philadelphia', 'country': 'United_States', 'string': ' School of Biological and Health Systems Engineering, Arizona State Tempe, AZ, USA', 'ROR_API': True, 'ROR_API_score': 0.68, 'avg': 0.34}, {'name': 'Arizona State Museum', 'id': 'https://ror.org/00g3q3z36', 'choose': False, 'score': 0.0, 'method': '', 'city': 'Tucson', 'country': 'United_States', 'string': ' School of Biological and Health Systems Engineering, Arizona State Tempe, AZ, USA', 'ROR_API': True, 'ROR_API_score': 0.67, 'avg': 0.34}, {'name': 'Arizona State University', 'id': 'https://ror.org/03efmqc40', 'choose': False, 'score': 0.0, 'method': '', 'city': 'Tempe', 'country': 'United_States', 'string': ' School of Biological and Health Systems Engineering, Arizona State Tempe, AZ, USA', 'ROR_API': True, 'ROR_API_score': 0.7, 'avg': 0.35}, {'name': 'Autonomous Undersea Systems Institute', 'id': 'https://ror.org/04veekh32', 'choose': False, 'score': 0.0, 'method': '', 'city': 'Lee', 'country': 'United_States', 'string': ' School of Biological and Health Systems Engineering, Arizona State Tempe, AZ, USA', 'ROR_API': True, 'ROR_API_score': 0.7, 'avg': 0.35}, {'name': 'TSI', 'id': 'https://ror.org/034ca5920', 'choose': False, 'score': 0.0, 'method': '', 'city': 'Shoreview', 'country': 'United_States', 'string': ' School of Biological and Health Systems Engineering, Arizona State Tempe, AZ, USA', 'ROR_API': True, 'ROR_API_score': 0.73, 'avg': 0.36}, {'name': 'ESI', 'id': 'https://ror.org/0326cbt42', 'choose': False, 'score': 0.0, 'method': '', 'city': 'Farmington_Hills', 'country': 'United_States', 'string': ' School of Biological and Health Systems Engineering, Arizona State Tempe, AZ, USA', 'ROR_API': True, 'ROR_API_score': 0.78, 'avg': 0.39}, {'name': 'Engineering Systems', 'id': 'https://ror.org/02qg60849', 'choose': False, 'score': 0.0, 'method': '', 'city': 'Omaha', 'country': 'United_States', 'string': ' School of Biological and Health Systems Engineering, Arizona State Tempe, AZ, USA', 'ROR_API': True, 'ROR_API_score': 0.84, 'avg': 0.42}]
31102790	Ebrahimkhani MR	Mo R	Ebrahimkhani	MR	 Mayo Clinic College of Medicine and Science, Phoenix, AZ, USA. Electronic address: mo.ebrahimkhani@asu.edu.	Phoenix Seminary	https://ror.org/05gja2q95	United_States	Phoenix	[{'name': 'University of Phoenix', 'id': 'https://ror.org/01j0n2h15', 'choose': False, 'score': 0.0, 'method': '', 'city': 'Phoenix', 'country': 'United_States', 'string': ' Mayo Clinic College of Medicine and Science, Phoenix, AZ, USA. Electronic address: mo.ebrahimkhani@asu.edu.', 'ROR_API': True, 'ROR_API_score': 0.61, 'avg': 0.3}, {'name': 'Texas Health and Science University', 'id': 'https://ror.org/041621784', 'choose': False, 'score': 0.0, 'method': '', 'city': 'Austin', 'country': 'United_States', 'string': ' Mayo Clinic College of Medicine and Science, Phoenix, AZ, USA. Electronic address: mo.ebrahimkhani@asu.edu.', 'ROR_API': True, 'ROR_API_score': 0.61, 'avg': 0.3}, {'name': 'Phoenix Science and Technology', 'id': 'https://ror.org/01w7yjk26', 'choose': False, 'score': 0.0, 'method': '', 'city': 'Chelmsford', 'country': 'United_States', 'string': ' Mayo Clinic College of Medicine and Science, Phoenix, AZ, USA. Electronic address: mo.ebrahimkhani@asu.edu.', 'ROR_API': True, 'ROR_API_score': 0.67, 'avg': 0.34}, {'name': 'Phoenix Seminary', 'id': 'https://ror.org/05gja2q95', 'choose': False, 'score': 0.0, 'method': '', 'city': 'Phoenix', 'country': 'United_States', 'string': ' Mayo Clinic College of Medicine and Science, Phoenix, AZ, USA. Electronic address: mo.ebrahimkhani@asu.edu.', 'ROR_API': True, 'ROR_API_score': 0.71, 'avg': 0.35}]
31102790	Ebisuya M	Miki	Ebisuya	M	European Molecular Biology Laboratory (EMBL) Barcelona, Dr. Aiguader, 88, 08003, Barcelona, Spain. Electronic address: miki.ebisuya@embl.es.	European Molecular Biology Laboratory	https://ror.org/010jaxs89	Spain	Barcelona	[{'name': 'European Molecular Biology Laboratory', 'id': 'https://ror.org/010jaxs89', 'choose': True, 'score': 1.0, 'method': "Exact match : 'European Molecular Biology Laboratory' Barcelona Spain", 'city': 'Barcelona', 'country': 'Spain', 'string': 'European Molecular Biology Laboratory (EMBL) Barcelona, Dr. Aiguader, 88, 08003, Barcelona, Spain. Electronic address: miki.ebisuya@embl.es.'}]
30904379	Germann P	Philipp	Germann	P	Centre for Genomic Regulation (CRG), The Barcelona Institute of Science and Technology, 08003 Barcelona, Spain	Centre for Genomic Regulation	https://ror.org/03wyzt892	Spain	Barcelona	Spain	Barcelona	[{'name': 'Institute for Bioengineering of Catalonia', 'id': 'https://ror.org/056h71x09', 'choose': False, 'score': 0.73, 'method': 'Prediction', 'city': 'Barcelona', 'country': 'Spain', 'string': 'Centre for Genomic Regulation (CRG), The Barcelona Institute of Science and Technology, 08003 Barcelona, Spain'}, {'name': 'Barcelona Institute for Science and Technology', 'id': 'https://ror.org/03kpps236', 'choose': False, 'score': 0.77, 'method': 'Prediction', 'city': 'Barcelona', 'country': 'Spain', 'string': 'Centre for Genomic Regulation (CRG), The Barcelona Institute of Science and Technology, 08003 Barcelona, Spain'}, {'name': 'Centre for Genomic Regulation', 'id': 'https://ror.org/03wyzt892', 'choose': True, 'score': 1.0, 'method': "Exact match : 'Centre for Genomic Regulation' Barcelona Spain", 'city': 'Barcelona', 'country': 'Spain', 'string': 'Centre for Genomic Regulation (CRG), The Barcelona Institute of Science and Technology, 08003 Barcelona, Spain'}]
30904379	Germann P	Philipp	Germann	P	 European Molecular Biology Laboratory, 08003 Barcelona, Spain	European Molecular Biology Laboratory	https://ror.org/010jaxs89	Spain	Barcelona	Spain	Barcelona	[{'name': 'European Molecular Biology Laboratory', 'id': 'https://ror.org/010jaxs89', 'choose': True, 'score': 1.0, 'method': "Exact match : 'European Molecular Biology Laboratory' Barcelona Spain", 'city': 'Barcelona', 'country': 'Spain', 'string': ' European Molecular Biology Laboratory, 08003 Barcelona, Spain'}]
30904379	Germann P	Philipp	Germann	P	 Pompeu Fabra University, 08002 Barcelona, Spain. Electronic address: philipp.germann@embl.es.	Pompeu Fabra University	https://ror.org/04n0g0b29	Spain	Barcelona	Spain	Barcelona	[{'name': 'Pompeu Fabra University', 'id': 'https://ror.org/04n0g0b29', 'choose': True, 'score': 1.0, 'method': "Exact match : 'Pompeu Fabra University' Barcelona Spain", 'city': 'Barcelona', 'country': 'Spain', 'string': ' Pompeu Fabra University, 08002 Barcelona, Spain. Electronic address: philipp.germann@embl.es.'}]
30904379	Marin-Riera M	Miquel	Marin-Riera	M	Centre for Genomic Regulation (CRG), The Barcelona Institute of Science and Technology, 08003 Barcelona, Spain	Centre for Genomic Regulation	https://ror.org/03wyzt892	Spain	Barcelona	Spain	Barcelona	[{'name': 'Institute for Bioengineering of Catalonia', 'id': 'https://ror.org/056h71x09', 'choose': False, 'score': 0.73, 'method': 'Prediction', 'city': 'Barcelona', 'country': 'Spain', 'string': 'Centre for Genomic Regulation (CRG), The Barcelona Institute of Science and Technology, 08003 Barcelona, Spain'}, {'name': 'Barcelona Institute for Science and Technology', 'id': 'https://ror.org/03kpps236', 'choose': False, 'score': 0.77, 'method': 'Prediction', 'city': 'Barcelona', 'country': 'Spain', 'string': 'Centre for Genomic Regulation (CRG), The Barcelona Institute of Science and Technology, 08003 Barcelona, Spain'}, {'name': 'Centre for Genomic Regulation', 'id': 'https://ror.org/03wyzt892', 'choose': True, 'score': 1.0, 'method': "Exact match : 'Centre for Genomic Regulation' Barcelona Spain", 'city': 'Barcelona', 'country': 'Spain', 'string': 'Centre for Genomic Regulation (CRG), The Barcelona Institute of Science and Technology, 08003 Barcelona, Spain'}]
30904379	Marin-Riera M	Miquel	Marin-Riera	M	 European Molecular Biology Laboratory, 08003 Barcelona, Spain	European Molecular Biology Laboratory	https://ror.org/010jaxs89	Spain	Barcelona	Spain	Barcelona	[{'name': 'European Molecular Biology Laboratory', 'id': 'https://ror.org/010jaxs89', 'choose': True, 'score': 1.0, 'method': "Exact match : 'European Molecular Biology Laboratory' Barcelona Spain", 'city': 'Barcelona', 'country': 'Spain', 'string': ' European Molecular Biology Laboratory, 08003 Barcelona, Spain'}]
30904379	Marin-Riera M	Miquel	Marin-Riera	M	 Pompeu Fabra University, 08002 Barcelona, Spain.	Pompeu Fabra University	https://ror.org/04n0g0b29	Spain	Barcelona	Spain	Barcelona	[{'name': 'Pompeu Fabra University', 'id': 'https://ror.org/04n0g0b29', 'choose': True, 'score': 1.0, 'method': "Exact match : 'Pompeu Fabra University' Barcelona Spain", 'city': 'Barcelona', 'country': 'Spain', 'string': ' Pompeu Fabra University, 08002 Barcelona, Spain.'}]
30904379	Sharpe J	James	Sharpe	J	Centre for Genomic Regulation (CRG), The Barcelona Institute of Science and Technology, 08003 Barcelona, Spain	Centre for Genomic Regulation	https://ror.org/03wyzt892	Spain	Barcelona	Spain	Barcelona	[{'name': 'Institute for Bioengineering of Catalonia', 'id': 'https://ror.org/056h71x09', 'choose': False, 'score': 0.73, 'method': 'Prediction', 'city': 'Barcelona', 'country': 'Spain', 'string': 'Centre for Genomic Regulation (CRG), The Barcelona Institute of Science and Technology, 08003 Barcelona, Spain'}, {'name': 'Barcelona Institute for Science and Technology', 'id': 'https://ror.org/03kpps236', 'choose': False, 'score': 0.77, 'method': 'Prediction', 'city': 'Barcelona', 'country': 'Spain', 'string': 'Centre for Genomic Regulation (CRG), The Barcelona Institute of Science and Technology, 08003 Barcelona, Spain'}, {'name': 'Centre for Genomic Regulation', 'id': 'https://ror.org/03wyzt892', 'choose': True, 'score': 1.0, 'method': "Exact match : 'Centre for Genomic Regulation' Barcelona Spain", 'city': 'Barcelona', 'country': 'Spain', 'string': 'Centre for Genomic Regulation (CRG), The Barcelona Institute of Science and Technology, 08003 Barcelona, Spain'}]
30904379	Sharpe J	James	Sharpe	J	 European Molecular Biology Laboratory, 08003 Barcelona, Spain	European Molecular Biology Laboratory	https://ror.org/010jaxs89	Spain	Barcelona	Spain	Barcelona	[{'name': 'European Molecular Biology Laboratory', 'id': 'https://ror.org/010jaxs89', 'choose': True, 'score': 1.0, 'method': "Exact match : 'European Molecular Biology Laboratory' Barcelona Spain", 'city': 'Barcelona', 'country': 'Spain', 'string': ' European Molecular Biology Laboratory, 08003 Barcelona, Spain'}]
30904379	Sharpe J	James	Sharpe	J	 Pompeu Fabra University, 08002 Barcelona, Spain	Pompeu Fabra University	https://ror.org/04n0g0b29	Spain	Barcelona	Spain	Barcelona	[{'name': 'Pompeu Fabra University', 'id': 'https://ror.org/04n0g0b29', 'choose': True, 'score': 1.0, 'method': "Exact match : 'Pompeu Fabra University' Barcelona Spain", 'city': 'Barcelona', 'country': 'Spain', 'string': ' Pompeu Fabra University, 08002 Barcelona, Spain'}]
30904379	Sharpe J	James	Sharpe	J	 Institució Catalana de Recerca i Estudis Avançats, 08010 Barcelona, Spain. Electronic address: james.sharpe@embl.es.	Institució Catalana de Recerca i Estudis Avançats	https://ror.org/0371hy230	Spain	Barcelona	Spain	Barcelona	[{'name': 'Institució Catalana de Recerca i Estudis Avançats', 'id': 'https://ror.org/0371hy230', 'choose': True, 'score': 1.0, 'method': "Exact match : 'Institució Catalana de Recerca i Estudis Avançats' Barcelona Spain", 'city': 'Barcelona', 'country': 'Spain', 'string': ' Institució Catalana de Recerca i Estudis Avançats, 08010 Barcelona, Spain. Electronic address: james.sharpe@embl.es.'}]
30796087	Miravet-Verde S	Samuel	Miravet-Verde	S	EMBL/CRG Systems Biology Research Unit, Centre for Genomic Regulation (CRG), The Barcelona Institute of Science and Technology, Barcelona, Spain.	Centre for Genomic Regulation	https://ror.org/03wyzt892	Spain	Barcelona	Spain	Barcelona	[{'name': 'Institute for Bioengineering of Catalonia', 'id': 'https://ror.org/056h71x09', 'choose': False, 'score': 0.72, 'method': 'Prediction', 'city': 'Barcelona', 'country': 'Spain', 'string': 'EMBL/CRG Systems Biology Research Unit, Centre for Genomic Regulation (CRG), The Barcelona Institute of Science and Technology, Barcelona, Spain.'}, {'name': 'Institute for Research in Biomedicine', 'id': 'https://ror.org/01z1gye03', 'choose': False, 'score': 0.74, 'method': 'Prediction', 'city': 'Barcelona', 'country': 'Spain', 'string': 'EMBL/CRG Systems Biology Research Unit, Centre for Genomic Regulation (CRG), The Barcelona Institute of Science and Technology, Barcelona, Spain.'}, {'name': 'European Molecular Biology Laboratory', 'id': 'https://ror.org/010jaxs89', 'choose': True, 'score': 1.0, 'method': "Acronyms : 'EMBL'", 'city': 'Barcelona', 'country': 'Spain', 'string': 'EMBL/CRG Systems Biology Research Unit, Centre for Genomic Regulation (CRG), The Barcelona Institute of Science and Technology, Barcelona, Spain.'}, {'name': 'Centre for Genomic Regulation', 'id': 'https://ror.org/03wyzt892', 'choose': True, 'score': 1.0, 'method': "Exact match : 'Centre for Genomic Regulation' Barcelona Spain", 'city': 'Barcelona', 'country': 'Spain', 'string': 'EMBL/CRG Systems Biology Research Unit, Centre for Genomic Regulation (CRG), The Barcelona Institute of Science and Technology, Barcelona, Spain.'}]
30796087	Ferrar T	Tony	Ferrar	T	EMBL/CRG Systems Biology Research Unit, Centre for Genomic Regulation (CRG), The Barcelona Institute of Science and Technology, Barcelona, Spain.	Centre for Genomic Regulation	https://ror.org/03wyzt892	Spain	Barcelona	Spain	Barcelona	[{'name': 'Institute for Bioengineering of Catalonia', 'id': 'https://ror.org/056h71x09', 'choose': False, 'score': 0.72, 'method': 'Prediction', 'city': 'Barcelona', 'country': 'Spain', 'string': 'EMBL/CRG Systems Biology Research Unit, Centre for Genomic Regulation (CRG), The Barcelona Institute of Science and Technology, Barcelona, Spain.'}, {'name': 'Institute for Research in Biomedicine', 'id': 'https://ror.org/01z1gye03', 'choose': False, 'score': 0.74, 'method': 'Prediction', 'city': 'Barcelona', 'country': 'Spain', 'string': 'EMBL/CRG Systems Biology Research Unit, Centre for Genomic Regulation (CRG), The Barcelona Institute of Science and Technology, Barcelona, Spain.'}, {'name': 'European Molecular Biology Laboratory', 'id': 'https://ror.org/010jaxs89', 'choose': True, 'score': 1.0, 'method': "Acronyms : 'EMBL'", 'city': 'Barcelona', 'country': 'Spain', 'string': 'EMBL/CRG Systems Biology Research Unit, Centre for Genomic Regulation (CRG), The Barcelona Institute of Science and Technology, Barcelona, Spain.'}, {'name': 'Centre for Genomic Regulation', 'id': 'https://ror.org/03wyzt892', 'choose': True, 'score': 1.0, 'method': "Exact match : 'Centre for Genomic Regulation' Barcelona Spain", 'city': 'Barcelona', 'country': 'Spain', 'string': 'EMBL/CRG Systems Biology Research Unit, Centre for Genomic Regulation (CRG), The Barcelona Institute of Science and Technology, Barcelona, Spain.'}]
30796087	Espadas-García G	Guadalupe	Espadas-García	G	Centre for Genomic Regulation (CRG), The Barcelona Institute of Science and Technology, Barcelona, Spain.	Centre for Genomic Regulation	https://ror.org/03wyzt892	Spain	Barcelona	Spain	Barcelona	[{'name': 'Institute for Bioengineering of Catalonia', 'id': 'https://ror.org/056h71x09', 'choose': False, 'score': 0.84, 'method': 'Prediction', 'city': 'Barcelona', 'country': 'Spain', 'string': 'Centre for Genomic Regulation (CRG), The Barcelona Institute of Science and Technology, Barcelona, Spain.'}, {'name': 'Barcelona Institute for Science and Technology', 'id': 'https://ror.org/03kpps236', 'choose': False, 'score': 0.84, 'method': 'Prediction', 'city': 'Barcelona', 'country': 'Spain', 'string': 'Centre for Genomic Regulation (CRG), The Barcelona Institute of Science and Technology, Barcelona, Spain.'}, {'name': 'Institute for Research in Biomedicine', 'id': 'https://ror.org/01z1gye03', 'choose': False, 'score': 0.86, 'method': 'Prediction', 'city': 'Barcelona', 'country': 'Spain', 'string': 'Centre for Genomic Regulation (CRG), The Barcelona Institute of Science and Technology, Barcelona, Spain.'}, {'name': 'Centre for Genomic Regulation', 'id': 'https://ror.org/03wyzt892', 'choose': True, 'score': 1.0, 'method': "Exact match : 'Centre for Genomic Regulation' Barcelona Spain", 'city': 'Barcelona', 'country': 'Spain', 'string': 'Centre for Genomic Regulation (CRG), The Barcelona Institute of Science and Technology, Barcelona, Spain.'}]
30796087	Mazzolini R	Rocco	Mazzolini	R	EMBL/CRG Systems Biology Research Unit, Centre for Genomic Regulation (CRG), The Barcelona Institute of Science and Technology, Barcelona, Spain.	Centre for Genomic Regulation	https://ror.org/03wyzt892	Spain	Barcelona	Spain	Barcelona	[{'name': 'Institute for Bioengineering of Catalonia', 'id': 'https://ror.org/056h71x09', 'choose': False, 'score': 0.72, 'method': 'Prediction', 'city': 'Barcelona', 'country': 'Spain', 'string': 'EMBL/CRG Systems Biology Research Unit, Centre for Genomic Regulation (CRG), The Barcelona Institute of Science and Technology, Barcelona, Spain.'}, {'name': 'Institute for Research in Biomedicine', 'id': 'https://ror.org/01z1gye03', 'choose': False, 'score': 0.74, 'method': 'Prediction', 'city': 'Barcelona', 'country': 'Spain', 'string': 'EMBL/CRG Systems Biology Research Unit, Centre for Genomic Regulation (CRG), The Barcelona Institute of Science and Technology, Barcelona, Spain.'}, {'name': 'European Molecular Biology Laboratory', 'id': 'https://ror.org/010jaxs89', 'choose': True, 'score': 1.0, 'method': "Acronyms : 'EMBL'", 'city': 'Barcelona', 'country': 'Spain', 'string': 'EMBL/CRG Systems Biology Research Unit, Centre for Genomic Regulation (CRG), The Barcelona Institute of Science and Technology, Barcelona, Spain.'}, {'name': 'Centre for Genomic Regulation', 'id': 'https://ror.org/03wyzt892', 'choose': True, 'score': 1.0, 'method': "Exact match : 'Centre for Genomic Regulation' Barcelona Spain", 'city': 'Barcelona', 'country': 'Spain', 'string': 'EMBL/CRG Systems Biology Research Unit, Centre for Genomic Regulation (CRG), The Barcelona Institute of Science and Technology, Barcelona, Spain.'}]
30796087	Gharrab A	Anas	Gharrab	A	EMBL/CRG Systems Biology Research Unit, Centre for Genomic Regulation (CRG), The Barcelona Institute of Science and Technology, Barcelona, Spain.	Centre for Genomic Regulation	https://ror.org/03wyzt892	Spain	Barcelona	Spain	Barcelona	[{'name': 'Institute for Bioengineering of Catalonia', 'id': 'https://ror.org/056h71x09', 'choose': False, 'score': 0.72, 'method': 'Prediction', 'city': 'Barcelona', 'country': 'Spain', 'string': 'EMBL/CRG Systems Biology Research Unit, Centre for Genomic Regulation (CRG), The Barcelona Institute of Science and Technology, Barcelona, Spain.'}, {'name': 'Institute for Research in Biomedicine', 'id': 'https://ror.org/01z1gye03', 'choose': False, 'score': 0.74, 'method': 'Prediction', 'city': 'Barcelona', 'country': 'Spain', 'string': 'EMBL/CRG Systems Biology Research Unit, Centre for Genomic Regulation (CRG), The Barcelona Institute of Science and Technology, Barcelona, Spain.'}, {'name': 'European Molecular Biology Laboratory', 'id': 'https://ror.org/010jaxs89', 'choose': True, 'score': 1.0, 'method': "Acronyms : 'EMBL'", 'city': 'Barcelona', 'country': 'Spain', 'string': 'EMBL/CRG Systems Biology Research Unit, Centre for Genomic Regulation (CRG), The Barcelona Institute of Science and Technology, Barcelona, Spain.'}, {'name': 'Centre for Genomic Regulation', 'id': 'https://ror.org/03wyzt892', 'choose': True, 'score': 1.0, 'method': "Exact match : 'Centre for Genomic Regulation' Barcelona Spain", 'city': 'Barcelona', 'country': 'Spain', 'string': 'EMBL/CRG Systems Biology Research Unit, Centre for Genomic Regulation (CRG), The Barcelona Institute of Science and Technology, Barcelona, Spain.'}]
30796087	Sabido E	Eduard	Sabido	E	Centre for Genomic Regulation (CRG), The Barcelona Institute of Science and Technology, Barcelona, Spain.	Centre for Genomic Regulation	https://ror.org/03wyzt892	Spain	Barcelona	Spain	Barcelona	[{'name': 'Institute for Bioengineering of Catalonia', 'id': 'https://ror.org/056h71x09', 'choose': False, 'score': 0.84, 'method': 'Prediction', 'city': 'Barcelona', 'country': 'Spain', 'string': 'Centre for Genomic Regulation (CRG), The Barcelona Institute of Science and Technology, Barcelona, Spain.'}, {'name': 'Barcelona Institute for Science and Technology', 'id': 'https://ror.org/03kpps236', 'choose': False, 'score': 0.84, 'method': 'Prediction', 'city': 'Barcelona', 'country': 'Spain', 'string': 'Centre for Genomic Regulation (CRG), The Barcelona Institute of Science and Technology, Barcelona, Spain.'}, {'name': 'Institute for Research in Biomedicine', 'id': 'https://ror.org/01z1gye03', 'choose': False, 'score': 0.86, 'method': 'Prediction', 'city': 'Barcelona', 'country': 'Spain', 'string': 'Centre for Genomic Regulation (CRG), The Barcelona Institute of Science and Technology, Barcelona, Spain.'}, {'name': 'Centre for Genomic Regulation', 'id': 'https://ror.org/03wyzt892', 'choose': True, 'score': 1.0, 'method': "Exact match : 'Centre for Genomic Regulation' Barcelona Spain", 'city': 'Barcelona', 'country': 'Spain', 'string': 'Centre for Genomic Regulation (CRG), The Barcelona Institute of Science and Technology, Barcelona, Spain.'}]
30796087	Serrano L	Luis	Serrano	L	EMBL/CRG Systems Biology Research Unit, Centre for Genomic Regulation (CRG), The Barcelona Institute of Science and Technology, Barcelona, Spain luis.serrano@crg.eu maria.lluch@crg.es.	Centre for Genomic Regulation	https://ror.org/03wyzt892	Spain	Barcelona	Spain	Barcelona	[{'name': 'Institute for Bioengineering of Catalonia', 'id': 'https://ror.org/056h71x09', 'choose': False, 'score': 0.7, 'method': 'Prediction', 'city': 'Barcelona', 'country': 'Spain', 'string': 'EMBL/CRG Systems Biology Research Unit, Centre for Genomic Regulation (CRG), The Barcelona Institute of Science and Technology, Barcelona, Spain luis.serrano@crg.eu maria.lluch@crg.es.'}, {'name': 'European Molecular Biology Laboratory', 'id': 'https://ror.org/010jaxs89', 'choose': True, 'score': 1.0, 'method': "Acronyms : 'EMBL'", 'city': 'Barcelona', 'country': 'Spain', 'string': 'EMBL/CRG Systems Biology Research Unit, Centre for Genomic Regulation (CRG), The Barcelona Institute of Science and Technology, Barcelona, Spain luis.serrano@crg.eu maria.lluch@crg.es.'}, {'name': 'Centre for Genomic Regulation', 'id': 'https://ror.org/03wyzt892', 'choose': True, 'score': 1.0, 'method': "Exact match : 'Centre for Genomic Regulation' Barcelona Spain", 'city': 'Barcelona', 'country': 'Spain', 'string': 'EMBL/CRG Systems Biology Research Unit, Centre for Genomic Regulation (CRG), The Barcelona Institute of Science and Technology, Barcelona, Spain luis.serrano@crg.eu maria.lluch@crg.es.'}]
30796087	Lluch-Senar M	Maria	Lluch-Senar	M	EMBL/CRG Systems Biology Research Unit, Centre for Genomic Regulation (CRG), The Barcelona Institute of Science and Technology, Barcelona, Spain luis.serrano@crg.eu maria.lluch@crg.es.	Centre for Genomic Regulation	https://ror.org/03wyzt892	Spain	Barcelona	Spain	Barcelona	[{'name': 'Institute for Bioengineering of Catalonia', 'id': 'https://ror.org/056h71x09', 'choose': False, 'score': 0.7, 'method': 'Prediction', 'city': 'Barcelona', 'country': 'Spain', 'string': 'EMBL/CRG Systems Biology Research Unit, Centre for Genomic Regulation (CRG), The Barcelona Institute of Science and Technology, Barcelona, Spain luis.serrano@crg.eu maria.lluch@crg.es.'}, {'name': 'European Molecular Biology Laboratory', 'id': 'https://ror.org/010jaxs89', 'choose': True, 'score': 1.0, 'method': "Acronyms : 'EMBL'", 'city': 'Barcelona', 'country': 'Spain', 'string': 'EMBL/CRG Systems Biology Research Unit, Centre for Genomic Regulation (CRG), The Barcelona Institute of Science and Technology, Barcelona, Spain luis.serrano@crg.eu maria.lluch@crg.es.'}, {'name': 'Centre for Genomic Regulation', 'id': 'https://ror.org/03wyzt892', 'choose': True, 'score': 1.0, 'method': "Exact match : 'Centre for Genomic Regulation' Barcelona Spain", 'city': 'Barcelona', 'country': 'Spain', 'string': 'EMBL/CRG Systems Biology Research Unit, Centre for Genomic Regulation (CRG), The Barcelona Institute of Science and Technology, Barcelona, Spain luis.serrano@crg.eu maria.lluch@crg.es.'}]
30542989	Han H	Heonjong	Han	H	Department of Biotechnology, College of Life Science and Biotechnology, Yonsei University, Seoul, South Korea.	Yonsei University	https://ror.org/01wjejq96	South_Korea	Seoul	South_Korea	Seoul	[{'name': 'Yonsei University', 'id': 'https://ror.org/01wjejq96', 'choose': False, 'score': 0.77, 'method': 'Prediction on substring', 'city': 'Seoul', 'country': 'South_Korea', 'string': 'Department of Biotechnology, College of Life Science and Biotechnology, Yonsei University, Seoul, South Korea.', 'substring': 'Yonsei University Seoul South'}]
30542989	Lehner B	Ben	Lehner	B	EMBL-CRG Systems Biology Unit, Centre for Genomic Regulation (CRG), Barcelona, Spain.	Centre for Genomic Regulation	https://ror.org/03wyzt892	Spain	Barcelona	Spain	Barcelona	[{'name': 'European Molecular Biology Laboratory', 'id': 'https://ror.org/010jaxs89', 'choose': True, 'score': 1.0, 'method': "Acronyms : 'EMBL'", 'city': 'Barcelona', 'country': 'Spain', 'string': 'EMBL-CRG Systems Biology Unit, Centre for Genomic Regulation (CRG), Barcelona, Spain.'}, {'name': 'Centre for Genomic Regulation', 'id': 'https://ror.org/03wyzt892', 'choose': True, 'score': 1.0, 'method': "Exact match : 'Centre for Genomic Regulation' Barcelona Spain", 'city': 'Barcelona', 'country': 'Spain', 'string': 'EMBL-CRG Systems Biology Unit, Centre for Genomic Regulation (CRG), Barcelona, Spain.'}]
30542989	Lee I	Insuk	Lee	I	Department of Biotechnology, College of Life Science and Biotechnology, Yonsei University, Seoul, South Korea. insuklee@yonsei.ac.kr.	Yonsei University	https://ror.org/01wjejq96	South_Korea	Seoul	South_Korea	Seoul	[{'name': 'Yonsei University', 'id': 'https://ror.org/01wjejq96', 'choose': False, 'score': 0.87, 'method': 'Prediction on substring', 'city': 'Seoul', 'country': 'South_Korea', 'string': 'Department of Biotechnology, College of Life Science and Biotechnology, Yonsei University, Seoul, South Korea. insuklee@yonsei.ac.kr.', 'substring': 'Yonsei University Seoul South Korea insuklee'}]
